SG_UF;SQ_CANDIDATO;CD_TIPO_BEM_CANDIDATO;DS_TIPO_BEM_CANDIDATO;VR_BEM_CANDIDATO
TO;270001697127;11;APARTAMENTO;23000.0
TO;270001697127;11;APARTAMENTO;905270.0
TO;270001697127;21;VEICULO AUTOMOTOR TERRESTRE: CAMINHAO, AUTOMOVEL, MOTO, ETC.;15000.0
TO;270001697127;21;VEICULO AUTOMOTOR TERRESTRE: CAMINHAO, AUTOMOVEL, MOTO, ETC.;35800.0
TO;270001697127;21;VEICULO AUTOMOTOR TERRESTRE: CAMINHAO, AUTOMOVEL, MOTO, ETC.;78000.0
TO;270001697127;21;VEICULO AUTOMOTOR TERRESTRE: CAMINHAO, AUTOMOVEL, MOTO, ETC.;135812.24
TO;270001697127;21;VEICULO AUTOMOTOR TERRESTRE: CAMINHAO, AUTOMOVEL, MOTO, ETC.;3000.0
TO;270001697127;21;VEICULO AUTOMOTOR TERRESTRE: CAMINHAO, AUTOMOVEL, MOTO, ETC.;1500.0
TO;270001697127;13;TERRENO;30000.0
TO;270001697127;61;DEPOSITO BANCARIO EM CONTA CORRENTE NO PAIS;5.57
TO;270001697127;61;DEPOSITO BANCARIO EM CONTA CORRENTE NO PAIS;13580.16
TO;270001697127;61;DEPOSITO BANCARIO EM CONTA CORRENTE NO PAIS;59.85
TO;270001697127;61;DEPOSITO BANCARIO EM CONTA CORRENTE NO PAIS;0.0
TO;270001697127;61;DEPOSITO BANCARIO EM CONTA CORRENTE NO PAIS;0.0
TO;270001697127;61;DEPOSITO BANCARIO EM CONTA CORRENTE NO PAIS;452.81
TO;270001697127;61;DEPOSITO BANCARIO EM CONTA CORRENTE NO PAIS;0.01
TO;270001697127;97;VGBL - VIDA GERADOR DE BENEFICIO LIVRE;810106.51
TO;270001697141;13;TERRENO;175000.0
TO;270001697141;13;TERRENO;800000.0
TO;270001697141;12;CASA;700000.0
TO;270001697141;15;SALA OU CONJUNTO;150000.0
TO;270001697141;99;OUTROS BENS E DIREITOS;100000.0
TO;270001697141;21;VEICULO AUTOMOTOR TERRESTRE: CAMINHAO, AUTOMOVEL, MOTO, ETC.;140000.0
TO;270001697141;21;VEICULO AUTOMOTOR TERRESTRE: CAMINHAO, AUTOMOVEL, MOTO, ETC.;120000.0
TO;270001697141;13;TERRENO;80000.0
TO;270001697141;13;TERRENO;683000.0
TO;270001697141;13;TERRENO;300000.0
TO;270001697141;32;QUOTAS OU QUINHOES DE CAPITAL;4900.0
TO;270001697141;19;OUTROS BENS IMOVEIS;20000.0
TO;270001697141;11;APARTAMENTO;520000.0
TO;270001697141;99;OUTROS BENS E DIREITOS;64000.0
AL;20001610327;21;VEICULO AUTOMOTOR TERRESTRE: CAMINHAO, AUTOMOVEL, MOTO, ETC.;42490.0
AL;20001610327;11;APARTAMENTO;65000.0
AL;20001610327;13;TERRENO;150000.0
AL;20001610327;12;CASA;300000.0
PE;170001715331;11;APARTAMENTO;390000.0
PE;170001715590;61;DEPOSITO BANCARIO EM CONTA CORRENTE NO PAIS;14822.33
PE;170001715590;61;DEPOSITO BANCARIO EM CONTA CORRENTE NO PAIS;16429.79
PI;180001600497;41;CADERNETA DE POUPANCA;5.53
PI;180001600497;41;CADERNETA DE POUPANCA;3168.27
PI;180001600497;41;CADERNETA DE POUPANCA;129.14
PI;180001600497;2;PREDIO COMERCIAL;100000.0
PI;180001600497;11;APARTAMENTO;380000.0
PI;180001600497;19;OUTROS BENS IMOVEIS;75000.0
PI;180001600497;12;CASA;150000.0
PI;180001600497;1;PREDIO RESIDENCIAL;550000.0
PI;180001600497;19;OUTROS BENS IMOVEIS;100000.0
PI;180001600497;21;VEICULO AUTOMOTOR TERRESTRE: CAMINHAO, AUTOMOVEL, MOTO, ETC.;15000.0
PI;180001600497;21;VEICULO AUTOMOTOR TERRESTRE: CAMINHAO, AUTOMOVEL, MOTO, ETC.;94240.32
PI;180001600497;21;VEICULO AUTOMOTOR TERRESTRE: CAMINHAO, AUTOMOVEL, MOTO, ETC.;68870.0
PI;180001600497;45;APLICACAO DE RENDA FIXA (CDB, RDB E OUTROS);250000.0
PI;180001600497;99;OUTROS BENS E DIREITOS;100000.0
PI;180001600497;63;DINHEIRO EM ESPECIE - MOEDA NACIONAL;50000.0
AL;20001651898;13;TERRENO;13500.0
AL;20001651898;45;APLICACAO DE RENDA FIXA (CDB, RDB E OUTROS);2143.67
AL;20001651898;61;DEPOSITO BANCARIO EM CONTA CORRENTE NO PAIS;20449.85
AL;20001651898;49;OUTRAS APLICACOES E INVESTIMENTOS;2910.45
AL;20001651898;11;APARTAMENTO;617900.0
AL;20001651898;13;TERRENO;16500.0
AL;20001651898;13;TERRENO;24000.0
AL;20001651898;21;VEICULO AUTOMOTOR TERRESTRE: CAMINHAO, AUTOMOVEL, MOTO, ETC.;85000.0
AL;20001651898;32;QUOTAS OU QUINHOES DE CAPITAL;90000.0
AL;20001651898;45;APLICACAO DE RENDA FIXA (CDB, RDB E OUTROS);42737.7
BA;50001600527;11;APARTAMENTO;270000.0
BA;50001600527;21;VEICULO AUTOMOTOR TERRESTRE: CAMINHAO, AUTOMOVEL, MOTO, ETC.;39000.0
RJ;190001609389;45;APLICACAO DE RENDA FIXA (CDB, RDB E OUTROS);60000.0
RJ;190001609389;61;DEPOSITO BANCARIO EM CONTA CORRENTE NO PAIS;18916.0
BA;50001603638;41;CADERNETA DE POUPANCA;16330.0
BA;50001603638;11;APARTAMENTO;315000.0
BA;50001603638;12;CASA;100000.0
BA;50001603638;21;VEICULO AUTOMOTOR TERRESTRE: CAMINHAO, AUTOMOVEL, MOTO, ETC.;72000.0
BA;50001603638;49;OUTRAS APLICACOES E INVESTIMENTOS;7570.91
BA;50001603638;61;DEPOSITO BANCARIO EM CONTA CORRENTE NO PAIS;4207.29
BA;50001603638;31;ACOES (INCLUSIVE AS PROVENIENTES DE LINHA TELEFONICA);42.15
BA;50001603638;49;OUTRAS APLICACOES E INVESTIMENTOS;50.21
BA;50001603638;49;OUTRAS APLICACOES E INVESTIMENTOS;10.57
BA;50001603638;49;OUTRAS APLICACOES E INVESTIMENTOS;3.0
BA;50001603638;49;OUTRAS APLICACOES E INVESTIMENTOS;2.0
BA;50001604884;99;OUTROS BENS E DIREITOS;200000.0
BA;50001604884;11;APARTAMENTO;2527996.53
BA;50001604884;99;OUTROS BENS E DIREITOS;105000.0
BA;50001604884;99;OUTROS BENS E DIREITOS;200000.0
BA;50001604884;99;OUTROS BENS E DIREITOS;694990.45
BA;50001604884;99;OUTROS BENS E DIREITOS;250000.0
BA;50001604884;99;OUTROS BENS E DIREITOS;600000.0
BA;50001604884;99;OUTROS BENS E DIREITOS;14640.0
BA;50001604884;99;OUTROS BENS E DIREITOS;24916.68
BA;50001604884;21;VEICULO AUTOMOTOR TERRESTRE: CAMINHAO, AUTOMOVEL, MOTO, ETC.;153196.75
BA;50001604884;99;OUTROS BENS E DIREITOS;148000.0
BA;50001604884;39;OUTRAS PARTICIPACOES SOCIETARIAS;9500.0
BA;50001604884;99;OUTROS BENS E DIREITOS;105000.0
BA;50001604884;39;OUTRAS PARTICIPACOES SOCIETARIAS;100000.0
BA;50001604884;41;CADERNETA DE POUPANCA;5.91
BA;50001604884;45;APLICACAO DE RENDA FIXA (CDB, RDB E OUTROS);2311.05
BA;50001604884;45;APLICACAO DE RENDA FIXA (CDB, RDB E OUTROS);124.89
BA;50001604884;61;DEPOSITO BANCARIO EM CONTA CORRENTE NO PAIS;631.37
BA;50001604884;61;DEPOSITO BANCARIO EM CONTA CORRENTE NO PAIS;7959.22
BA;50001604884;92;TITULO DE CLUBE E ASSEMELHADO;18000.0
BA;50001604884;99;OUTROS BENS E DIREITOS;398909.76
RJ;190001609712;61;DEPOSITO BANCARIO EM CONTA CORRENTE NO PAIS;203.99
BA;50001719849;21;VEICULO AUTOMOTOR TERRESTRE: CAMINHAO, AUTOMOVEL, MOTO, ETC.;75000.0
AL;20001695808;21;VEICULO AUTOMOTOR TERRESTRE: CAMINHAO, AUTOMOVEL, MOTO, ETC.;200000.0
AL;20001695808;15;SALA OU CONJUNTO;190000.0
AL;20001695808;45;APLICACAO DE RENDA FIXA (CDB, RDB E OUTROS);125278.45
AL;20001697076;11;APARTAMENTO;40698.29
AL;20001697076;12;CASA;30001.61
AL;20001697076;12;CASA;4080000.0
AL;20001697076;13;TERRENO;148.91
AL;20001697076;18;LOJA;2813.17
AL;20001697076;21;VEICULO AUTOMOTOR TERRESTRE: CAMINHAO, AUTOMOVEL, MOTO, ETC.;180000.0
AL;20001697076;99;OUTROS BENS E DIREITOS;20819.17
AL;20001697076;99;OUTROS BENS E DIREITOS;8000.0
AL;20001697076;99;OUTROS BENS E DIREITOS;38000.0
AL;20001697076;74;FUNDOS: ACOES, MUTUOS DE PRIVATIZACAO, INVEST. EMPRESAS EMERGENTES, INVEST.PARTICIPACAO E INVEST. INDICE MERCADO;198.8
AL;20001697076;32;QUOTAS OU QUINHOES DE CAPITAL;154620.0
AL;20001697076;32;QUOTAS OU QUINHOES DE CAPITAL;149013.9
AL;20001697076;32;QUOTAS OU QUINHOES DE CAPITAL;42585.2
AL;20001697076;32;QUOTAS OU QUINHOES DE CAPITAL;32409.0
AL;20001697076;32;QUOTAS OU QUINHOES DE CAPITAL;42.93
AL;20001697076;32;QUOTAS OU QUINHOES DE CAPITAL;6435.0
AL;20001697076;32;QUOTAS OU QUINHOES DE CAPITAL;330.0
AL;20001697076;32;QUOTAS OU QUINHOES DE CAPITAL;22500.0
AL;20001697076;32;QUOTAS OU QUINHOES DE CAPITAL;37500.0
AL;20001697076;32;QUOTAS OU QUINHOES DE CAPITAL;1350000.0
AL;20001697076;61;DEPOSITO BANCARIO EM CONTA CORRENTE NO PAIS;4801.85
AL;20001697076;61;DEPOSITO BANCARIO EM CONTA CORRENTE NO PAIS;2010.23
AL;20001697076;61;DEPOSITO BANCARIO EM CONTA CORRENTE NO PAIS;1515.43
AL;20001697076;99;OUTROS BENS E DIREITOS;3976.0
AL;20001697076;99;OUTROS BENS E DIREITOS;397.6
AL;20001697934;11;APARTAMENTO;486216.67
AL;20001697934;11;APARTAMENTO;1850000.0
AL;20001697934;19;OUTROS BENS IMOVEIS;100000.0
AL;20001697934;11;APARTAMENTO;1400000.0
AL;20001697934;49;OUTRAS APLICACOES E INVESTIMENTOS;1160.45
AL;20001697934;61;DEPOSITO BANCARIO EM CONTA CORRENTE NO PAIS;24396.56
AL;20001697934;97;VGBL - VIDA GERADOR DE BENEFICIO LIVRE;617.67
AL;20001697934;61;DEPOSITO BANCARIO EM CONTA CORRENTE NO PAIS;347109.15
AL;20001697934;61;DEPOSITO BANCARIO EM CONTA CORRENTE NO PAIS;130038.91
AL;20001697934;99;OUTROS BENS E DIREITOS;369414.91
AL;20001697934;99;OUTROS BENS E DIREITOS;369414.91
AL;20001697934;49;OUTRAS APLICACOES E INVESTIMENTOS;61015.44
RJ;190001723484;21;VEICULO AUTOMOTOR TERRESTRE: CAMINHAO, AUTOMOVEL, MOTO, ETC.;15000.0
RJ;190001723484;11;APARTAMENTO;400000.0
AL;20001717270;45;APLICACAO DE RENDA FIXA (CDB, RDB E OUTROS);6500.0
AP;30001610045;12;CASA;250000.0
AP;30001610045;21;VEICULO AUTOMOTOR TERRESTRE: CAMINHAO, AUTOMOVEL, MOTO, ETC.;10000.0
AP;30001610045;29;OUTROS BENS MOVEIS;5000.0
RS;210001604469;11;APARTAMENTO;249077.42
RS;210001604469;13;TERRENO;180000.0
RS;210001604469;21;VEICULO AUTOMOTOR TERRESTRE: CAMINHAO, AUTOMOVEL, MOTO, ETC.;124163.4
RS;210001604469;41;CADERNETA DE POUPANCA;87.52
RS;210001604469;45;APLICACAO DE RENDA FIXA (CDB, RDB E OUTROS);98844.37
RS;210001604469;61;DEPOSITO BANCARIO EM CONTA CORRENTE NO PAIS;13618.78
RS;210001604469;61;DEPOSITO BANCARIO EM CONTA CORRENTE NO PAIS;583.1
RS;210001604469;61;DEPOSITO BANCARIO EM CONTA CORRENTE NO PAIS;97.2
RS;210001604536;12;CASA;300000.0
RS;210001605930;21;VEICULO AUTOMOTOR TERRESTRE: CAMINHAO, AUTOMOVEL, MOTO, ETC.;20000.0
RS;210001605930;11;APARTAMENTO;500000.0
RS;210001606124;2;PREDIO COMERCIAL;3500000.0
RS;210001606124;12;CASA;550000.0
RS;210001606124;13;TERRENO;350000.0
RS;210001606124;12;CASA;850000.0
RS;210001606124;11;APARTAMENTO;505000.0
RS;210001606124;29;OUTROS BENS MOVEIS;11000.0
RS;210001606124;21;VEICULO AUTOMOTOR TERRESTRE: CAMINHAO, AUTOMOVEL, MOTO, ETC.;95000.0
RS;210001606124;21;VEICULO AUTOMOTOR TERRESTRE: CAMINHAO, AUTOMOVEL, MOTO, ETC.;450000.0
RS;210001606124;32;QUOTAS OU QUINHOES DE CAPITAL;10157.0
RS;210001606124;32;QUOTAS OU QUINHOES DE CAPITAL;186035.0
RS;210001606124;32;QUOTAS OU QUINHOES DE CAPITAL;8000.0
RS;210001606124;32;QUOTAS OU QUINHOES DE CAPITAL;25000.0
RS;210001606124;32;QUOTAS OU QUINHOES DE CAPITAL;344000.0
RS;210001606124;45;APLICACAO DE RENDA FIXA (CDB, RDB E OUTROS);201000.0
RS;210001606124;61;DEPOSITO BANCARIO EM CONTA CORRENTE NO PAIS;43000.0
RS;210001606124;63;DINHEIRO EM ESPECIE - MOEDA NACIONAL;56000.0
RS;210001609847;32;QUOTAS OU QUINHOES DE CAPITAL;9000.0
RS;210001609847;45;APLICACAO DE RENDA FIXA (CDB, RDB E OUTROS);89495.55
RS;210001609847;61;DEPOSITO BANCARIO EM CONTA CORRENTE NO PAIS;1.0
RS;210001609847;49;OUTRAS APLICACOES E INVESTIMENTOS;386.01
RS;210001609847;99;OUTROS BENS E DIREITOS;182491.98
RS;210001609934;12;CASA;80000.0
RS;210001609934;13;TERRENO;23166.0
RS;210001609934;14;TERRA NUA;350000.0
RS;210001609934;14;TERRA NUA;2359.4
RS;210001609934;95;CONSORCIO NAO CONTEMPLADO;40164.84
RS;210001609934;32;QUOTAS OU QUINHOES DE CAPITAL;2000.0
RS;210001609934;32;QUOTAS OU QUINHOES DE CAPITAL;72270.0
RS;210001609934;51;CREDITO DECORRENTE DE EMPRESTIMO;388830.26
RS;210001609934;49;OUTRAS APLICACOES E INVESTIMENTOS;2383.15
RS;210001609934;95;CONSORCIO NAO CONTEMPLADO;16540.96
RS;210001609934;95;CONSORCIO NAO CONTEMPLADO;2725.16
RS;210001609934;49;OUTRAS APLICACOES E INVESTIMENTOS;1345.7
RS;210001609945;19;OUTROS BENS IMOVEIS;1060750.0
RS;210001609945;19;OUTROS BENS IMOVEIS;2794708.36
RS;210001609945;32;QUOTAS OU QUINHOES DE CAPITAL;178422692.89
RS;210001609945;61;DEPOSITO BANCARIO EM CONTA CORRENTE NO PAIS;7148628.14
RS;210001609945;45;APLICACAO DE RENDA FIXA (CDB, RDB E OUTROS);61792857.29
RS;210001609945;39;OUTRAS PARTICIPACOES SOCIETARIAS;121722339.78
RS;210001609945;29;OUTROS BENS MOVEIS;1200.0
BA;50001609248;11;APARTAMENTO;7879197.99
BA;50001609248;19;OUTROS BENS IMOVEIS;244000.0
BA;50001609248;13;TERRENO;110000.0
BA;50001609248;31;ACOES (INCLUSIVE AS PROVENIENTES DE LINHA TELEFONICA);158000.0
BA;50001609248;39;OUTRAS PARTICIPACOES SOCIETARIAS;818500.0
BA;50001609248;39;OUTRAS PARTICIPACOES SOCIETARIAS;9384042.0
BA;50001609248;39;OUTRAS PARTICIPACOES SOCIETARIAS;245000.0
BA;50001609248;39;OUTRAS PARTICIPACOES SOCIETARIAS;1280000.0
BA;50001609248;39;OUTRAS PARTICIPACOES SOCIETARIAS;2250.0
BA;50001609248;41;CADERNETA DE POUPANCA;501.2
BA;50001609248;41;CADERNETA DE POUPANCA;501.2
BA;50001609248;45;APLICACAO DE RENDA FIXA (CDB, RDB E OUTROS);649191.16
BA;50001609248;45;APLICACAO DE RENDA FIXA (CDB, RDB E OUTROS);15138.53
BA;50001609248;45;APLICACAO DE RENDA FIXA (CDB, RDB E OUTROS);938678.86
BA;50001609248;45;APLICACAO DE RENDA FIXA (CDB, RDB E OUTROS);1101664.34
BA;50001609248;45;APLICACAO DE RENDA FIXA (CDB, RDB E OUTROS);2269942.3
BA;50001609248;45;APLICACAO DE RENDA FIXA (CDB, RDB E OUTROS);1032915.34
BA;50001609248;45;APLICACAO DE RENDA FIXA (CDB, RDB E OUTROS);500000.0
BA;50001609248;41;CADERNETA DE POUPANCA;30000.0
BA;50001609248;99;OUTROS BENS E DIREITOS;125730.99
BA;50001609248;61;DEPOSITO BANCARIO EM CONTA CORRENTE NO PAIS;1.0
BA;50001609248;61;DEPOSITO BANCARIO EM CONTA CORRENTE NO PAIS;1.0
BA;50001609248;61;DEPOSITO BANCARIO EM CONTA CORRENTE NO PAIS;1.0
BA;50001609248;61;DEPOSITO BANCARIO EM CONTA CORRENTE NO PAIS;769507.63
BA;50001609248;61;DEPOSITO BANCARIO EM CONTA CORRENTE NO PAIS;522507.13
BA;50001609248;63;DINHEIRO EM ESPECIE - MOEDA NACIONAL;25000.0
BA;50001609248;99;OUTROS BENS E DIREITOS;138614.68
BA;50001609248;99;OUTROS BENS E DIREITOS;511733.03
BA;50001609248;99;OUTROS BENS E DIREITOS;391555.49
BA;50001609248;99;OUTROS BENS E DIREITOS;513039.87
BA;50001609248;99;OUTROS BENS E DIREITOS;380787.28
BA;50001609248;99;OUTROS BENS E DIREITOS;651693.72
BA;50001609248;99;OUTROS BENS E DIREITOS;600000.0
BA;50001609248;99;OUTROS BENS E DIREITOS;657021.89
BA;50001609248;99;OUTROS BENS E DIREITOS;356933.55
BA;50001609248;99;OUTROS BENS E DIREITOS;302161.78
BA;50001609248;99;OUTROS BENS E DIREITOS;200000.0
BA;50001609248;99;OUTROS BENS E DIREITOS;1258990.14
BA;50001609248;99;OUTROS BENS E DIREITOS;1024903.13
BA;50001609248;99;OUTROS BENS E DIREITOS;186528.4
BA;50001609248;99;OUTROS BENS E DIREITOS;150000.0
BA;50001609248;99;OUTROS BENS E DIREITOS;254996.37
BA;50001609248;99;OUTROS BENS E DIREITOS;250000.0
BA;50001609248;99;OUTROS BENS E DIREITOS;250000.0
BA;50001609248;99;OUTROS BENS E DIREITOS;250000.0
BA;50001609248;99;OUTROS BENS E DIREITOS;161448.61
BA;50001609248;99;OUTROS BENS E DIREITOS;151916.25
BA;50001609248;99;OUTROS BENS E DIREITOS;165012.94
BA;50001609248;99;OUTROS BENS E DIREITOS;3486000.0
BA;50001609248;99;OUTROS BENS E DIREITOS;7000.0
BA;50001609248;99;OUTROS BENS E DIREITOS;7000.0
BA;50001609248;99;OUTROS BENS E DIREITOS;1066558.21
BA;50001609248;99;OUTROS BENS E DIREITOS;71572.34
BA;50001609248;99;OUTROS BENS E DIREITOS;170833.34
DF;70001651044;97;VGBL - VIDA GERADOR DE BENEFICIO LIVRE;10000.0
DF;70001651044;99;OUTROS BENS E DIREITOS;1408283.0
DF;70001651044;21;VEICULO AUTOMOTOR TERRESTRE: CAMINHAO, AUTOMOVEL, MOTO, ETC.;196690.0
DF;70001651044;12;CASA;24163378.1
DF;70001651044;11;APARTAMENTO;1027992.53
DF;70001651044;19;OUTROS BENS IMOVEIS;2500000.0
DF;70001651044;21;VEICULO AUTOMOTOR TERRESTRE: CAMINHAO, AUTOMOVEL, MOTO, ETC.;480390.48
DF;70001651044;21;VEICULO AUTOMOTOR TERRESTRE: CAMINHAO, AUTOMOVEL, MOTO, ETC.;454000.0
DF;70001651044;23;EMBARCACAO;700750.0
DF;70001651044;32;QUOTAS OU QUINHOES DE CAPITAL;700000.0
DF;70001651044;32;QUOTAS OU QUINHOES DE CAPITAL;9200.0
DF;70001651044;32;QUOTAS OU QUINHOES DE CAPITAL;70000.0
DF;70001651044;32;QUOTAS OU QUINHOES DE CAPITAL;70000.0
DF;70001651044;32;QUOTAS OU QUINHOES DE CAPITAL;45183100.0
DF;70001651044;45;APLICACAO DE RENDA FIXA (CDB, RDB E OUTROS);1505980.79
DF;70001651044;45;APLICACAO DE RENDA FIXA (CDB, RDB E OUTROS);1000000.0
DF;70001651044;61;DEPOSITO BANCARIO EM CONTA CORRENTE NO PAIS;56898.87
DF;70001651044;74;FUNDOS: ACOES, MUTUOS DE PRIVATIZACAO, INVEST. EMPRESAS EMERGENTES, INVEST.PARTICIPACAO E INVEST. INDICE MERCADO;143414.41
DF;70001651044;73;FUNDO DE INVESTIMENTO IMOBILIARIO;30034.72
DF;70001651044;97;VGBL - VIDA GERADOR DE BENEFICIO LIVRE;98705.98
DF;70001651176;99;OUTROS BENS E DIREITOS;1565862.0
DF;70001651176;99;OUTROS BENS E DIREITOS;466727.29
DF;70001651176;12;CASA;2662900.2
DF;70001651176;12;CASA;425329.57
DF;70001651176;15;SALA OU CONJUNTO;60000.0
DF;70001651176;21;VEICULO AUTOMOTOR TERRESTRE: CAMINHAO, AUTOMOVEL, MOTO, ETC.;52000.0
DF;70001651176;26;LINHA TELEFONICA;1148.77
DF;70001651176;26;LINHA TELEFONICA;2220.7
DF;70001651176;26;LINHA TELEFONICA;2220.7
DF;70001651176;26;LINHA TELEFONICA;2220.7
DF;70001651176;32;QUOTAS OU QUINHOES DE CAPITAL;344385.0
DF;70001651176;32;QUOTAS OU QUINHOES DE CAPITAL;6870.32
DF;70001651176;32;QUOTAS OU QUINHOES DE CAPITAL;521198.48
DF;70001651176;61;DEPOSITO BANCARIO EM CONTA CORRENTE NO PAIS;2416.17
DF;70001651176;97;VGBL - VIDA GERADOR DE BENEFICIO LIVRE;20695.4
DF;70001651176;51;CREDITO DECORRENTE DE EMPRESTIMO;1454846.17
DF;70001651176;51;CREDITO DECORRENTE DE EMPRESTIMO;1071954.01
DF;70001651176;61;DEPOSITO BANCARIO EM CONTA CORRENTE NO PAIS;31346.44
DF;70001651176;61;DEPOSITO BANCARIO EM CONTA CORRENTE NO PAIS;11104.11
ES;80001723584;12;CASA;88842.56
ES;80001723584;61;DEPOSITO BANCARIO EM CONTA CORRENTE NO PAIS;70000.0
ES;80001723584;61;DEPOSITO BANCARIO EM CONTA CORRENTE NO PAIS;400000.0
ES;80001723584;99;OUTROS BENS E DIREITOS;164789.87
ES;80001723584;99;OUTROS BENS E DIREITOS;15000.0
CE;60001608845;11;APARTAMENTO;190000.0
CE;60001608845;11;APARTAMENTO;175000.0
CE;60001608845;12;CASA;75000.0
CE;60001608845;12;CASA;75000.0
CE;60001608845;13;TERRENO;100000.0
CE;60001608845;49;OUTRAS APLICACOES E INVESTIMENTOS;4633.67
CE;60001608845;49;OUTRAS APLICACOES E INVESTIMENTOS;21407.4
CE;60001608845;49;OUTRAS APLICACOES E INVESTIMENTOS;104404.48
CE;60001608845;49;OUTRAS APLICACOES E INVESTIMENTOS;224.28
CE;60001608845;49;OUTRAS APLICACOES E INVESTIMENTOS;14240.0
CE;60001608845;49;OUTRAS APLICACOES E INVESTIMENTOS;4570.68
CE;60001608845;49;OUTRAS APLICACOES E INVESTIMENTOS;2572.62
CE;60001608845;21;VEICULO AUTOMOTOR TERRESTRE: CAMINHAO, AUTOMOVEL, MOTO, ETC.;280000.0
CE;60001608845;61;DEPOSITO BANCARIO EM CONTA CORRENTE NO PAIS;10069.32
RS;210001697029;61;DEPOSITO BANCARIO EM CONTA CORRENTE NO PAIS;112.0
CE;60001608950;12;CASA;90000.0
CE;60001608950;21;VEICULO AUTOMOTOR TERRESTRE: CAMINHAO, AUTOMOVEL, MOTO, ETC.;15000.0
CE;60001612926;11;APARTAMENTO;480000.0
CE;60001612926;45;APLICACAO DE RENDA FIXA (CDB, RDB E OUTROS);99516.15
CE;60001612926;21;VEICULO AUTOMOTOR TERRESTRE: CAMINHAO, AUTOMOVEL, MOTO, ETC.;173692.5
CE;60001612926;39;OUTRAS PARTICIPACOES SOCIETARIAS;9900.0
CE;60001633585;13;TERRENO;10000.0
CE;60001633585;45;APLICACAO DE RENDA FIXA (CDB, RDB E OUTROS);162.76
CE;60001633585;29;OUTROS BENS MOVEIS;4000.0
CE;60001633585;29;OUTROS BENS MOVEIS;20000.0
CE;60001633585;29;OUTROS BENS MOVEIS;38000.0
DF;70001653885;11;APARTAMENTO;253500.0
DF;70001653885;12;CASA;56738.05
DF;70001653885;32;QUOTAS OU QUINHOES DE CAPITAL;450000.0
DF;70001653885;32;QUOTAS OU QUINHOES DE CAPITAL;15000.0
DF;70001653885;61;DEPOSITO BANCARIO EM CONTA CORRENTE NO PAIS;13872.01
DF;70001653885;49;OUTRAS APLICACOES E INVESTIMENTOS;13961.35
DF;70001653885;49;OUTRAS APLICACOES E INVESTIMENTOS;100000.0
DF;70001653885;49;OUTRAS APLICACOES E INVESTIMENTOS;45129.5
DF;70001653885;49;OUTRAS APLICACOES E INVESTIMENTOS;1477.5
DF;70001653885;49;OUTRAS APLICACOES E INVESTIMENTOS;5807.45
DF;70001653885;49;OUTRAS APLICACOES E INVESTIMENTOS;384394.15
DF;70001653885;61;DEPOSITO BANCARIO EM CONTA CORRENTE NO PAIS;4164.2
DF;70001653885;61;DEPOSITO BANCARIO EM CONTA CORRENTE NO PAIS;10.0
DF;70001653885;61;DEPOSITO BANCARIO EM CONTA CORRENTE NO PAIS;1400.0
DF;70001653885;61;DEPOSITO BANCARIO EM CONTA CORRENTE NO PAIS;6314.43
RO;220001609511;13;TERRENO;470000.0
RO;220001609511;13;TERRENO;380000.0
RO;220001609511;13;TERRENO;80000.0
RO;220001609511;13;TERRENO;80000.0
MA;100001599612;11;APARTAMENTO;1500000.0
MA;100001599612;12;CASA;160000.0
MA;100001599612;12;CASA;370000.0
MA;100001599612;13;TERRENO;140000.0
MA;100001599612;13;TERRENO;90000.0
MA;100001599612;12;CASA;1050000.0
MA;100001599612;32;QUOTAS OU QUINHOES DE CAPITAL;90000.0
MA;100001599612;32;QUOTAS OU QUINHOES DE CAPITAL;75000.0
MA;100001599612;32;QUOTAS OU QUINHOES DE CAPITAL;75000.0
MA;100001599612;45;APLICACAO DE RENDA FIXA (CDB, RDB E OUTROS);85.9
MA;100001599612;61;DEPOSITO BANCARIO EM CONTA CORRENTE NO PAIS;43911.35
MA;100001599612;41;CADERNETA DE POUPANCA;2.4
DF;70001699367;21;VEICULO AUTOMOTOR TERRESTRE: CAMINHAO, AUTOMOVEL, MOTO, ETC.;25000.0
MA;100001599612;61;DEPOSITO BANCARIO EM CONTA CORRENTE NO PAIS;153961.99
MA;100001599612;61;DEPOSITO BANCARIO EM CONTA CORRENTE NO PAIS;1.0
MA;100001599612;63;DINHEIRO EM ESPECIE - MOEDA NACIONAL;500000.0
MA;100001599612;69;OUTROS DEPOSITOS A VISTA E NUMERARIO;14.36
MA;100001600504;13;TERRENO;100000.0
MA;100001600504;11;APARTAMENTO;400000.0
MA;100001600504;32;QUOTAS OU QUINHOES DE CAPITAL;20000.0
MA;100001600504;63;DINHEIRO EM ESPECIE - MOEDA NACIONAL;50000.0
SC;240001605909;11;APARTAMENTO;100000.0
SC;240001605909;11;APARTAMENTO;556895.93
SC;240001605909;12;CASA;117430.0
SC;240001605909;12;CASA;172000.0
SC;240001605909;12;CASA;319500.0
SC;240001605909;13;TERRENO;19184.5
SC;240001605909;13;TERRENO;93000.0
SC;240001605909;13;TERRENO;34000.0
SC;240001605909;15;SALA OU CONJUNTO;250000.0
SC;240001605909;13;TERRENO;300000.0
SC;240001605909;13;TERRENO;190000.0
SC;240001605909;13;TERRENO;521866.21
SC;240001605909;13;TERRENO;174000.0
SC;240001605909;15;SALA OU CONJUNTO;255000.0
SC;240001605909;13;TERRENO;246000.0
SC;240001605909;21;VEICULO AUTOMOTOR TERRESTRE: CAMINHAO, AUTOMOVEL, MOTO, ETC.;130000.0
SC;240001605909;21;VEICULO AUTOMOTOR TERRESTRE: CAMINHAO, AUTOMOVEL, MOTO, ETC.;83000.0
SC;240001605909;31;ACOES (INCLUSIVE AS PROVENIENTES DE LINHA TELEFONICA);864000.0
SC;240001605909;73;FUNDO DE INVESTIMENTO IMOBILIARIO;212088.0
SC;240001605909;32;QUOTAS OU QUINHOES DE CAPITAL;423000.0
SC;240001605909;32;QUOTAS OU QUINHOES DE CAPITAL;1050000.0
SC;240001605909;45;APLICACAO DE RENDA FIXA (CDB, RDB E OUTROS);547971.0
SC;240001605909;45;APLICACAO DE RENDA FIXA (CDB, RDB E OUTROS);117981.0
SC;240001605909;61;DEPOSITO BANCARIO EM CONTA CORRENTE NO PAIS;75000.0
DF;70001723172;25;JOIA, QUADRO, OBJETO DE ARTE, DE COLECAO, ANTIGUIDADE, ETC.;13879.45
DF;70001723172;19;OUTROS BENS IMOVEIS;36.36
DF;70001723172;19;OUTROS BENS IMOVEIS;36.36
DF;70001723172;19;OUTROS BENS IMOVEIS;36.36
DF;70001723172;25;JOIA, QUADRO, OBJETO DE ARTE, DE COLECAO, ANTIGUIDADE, ETC.;2775.88
DF;70001723172;25;JOIA, QUADRO, OBJETO DE ARTE, DE COLECAO, ANTIGUIDADE, ETC.;15752.4
DF;70001723172;31;ACOES (INCLUSIVE AS PROVENIENTES DE LINHA TELEFONICA);693.98
DF;70001723172;31;ACOES (INCLUSIVE AS PROVENIENTES DE LINHA TELEFONICA);693.98
DF;70001723172;32;QUOTAS OU QUINHOES DE CAPITAL;514897000.0
DF;70001723172;32;QUOTAS OU QUINHOES DE CAPITAL;1500.0
DF;70001723172;31;ACOES (INCLUSIVE AS PROVENIENTES DE LINHA TELEFONICA);13879.45
DF;70001723172;31;ACOES (INCLUSIVE AS PROVENIENTES DE LINHA TELEFONICA);2775.89
DF;70001723172;31;ACOES (INCLUSIVE AS PROVENIENTES DE LINHA TELEFONICA);1387.93
DF;70001723172;31;ACOES (INCLUSIVE AS PROVENIENTES DE LINHA TELEFONICA);693.98
DF;70001723172;31;ACOES (INCLUSIVE AS PROVENIENTES DE LINHA TELEFONICA);158720.0
DF;70001723172;31;ACOES (INCLUSIVE AS PROVENIENTES DE LINHA TELEFONICA);326279.58
DF;70001723172;31;ACOES (INCLUSIVE AS PROVENIENTES DE LINHA TELEFONICA);397000.0
DF;70001723172;32;QUOTAS OU QUINHOES DE CAPITAL;14562.0
DF;70001723172;32;QUOTAS OU QUINHOES DE CAPITAL;222.0
DF;70001723172;32;QUOTAS OU QUINHOES DE CAPITAL;4455.0
DF;70001723172;32;QUOTAS OU QUINHOES DE CAPITAL;150000.0
DF;70001723172;32;QUOTAS OU QUINHOES DE CAPITAL;175000.0
DF;70001723172;32;QUOTAS OU QUINHOES DE CAPITAL;381537.0
DF;70001723172;32;QUOTAS OU QUINHOES DE CAPITAL;130000.0
DF;70001723172;32;QUOTAS OU QUINHOES DE CAPITAL;270000.0
DF;70001723172;32;QUOTAS OU QUINHOES DE CAPITAL;5000.0
DF;70001723172;32;QUOTAS OU QUINHOES DE CAPITAL;6350.0
DF;70001723172;32;QUOTAS OU QUINHOES DE CAPITAL;7347.0
DF;70001723172;32;QUOTAS OU QUINHOES DE CAPITAL;2491.0
DF;70001723172;32;QUOTAS OU QUINHOES DE CAPITAL;1000.0
DF;70001723172;32;QUOTAS OU QUINHOES DE CAPITAL;1000.0
DF;70001723172;32;QUOTAS OU QUINHOES DE CAPITAL;4000.0
DF;70001723172;32;QUOTAS OU QUINHOES DE CAPITAL;1000.0
DF;70001723172;32;QUOTAS OU QUINHOES DE CAPITAL;2381.0
DF;70001723172;32;QUOTAS OU QUINHOES DE CAPITAL;1000.0
DF;70001723172;32;QUOTAS OU QUINHOES DE CAPITAL;40500.0
DF;70001723172;32;QUOTAS OU QUINHOES DE CAPITAL;3058000.0
DF;70001723172;32;QUOTAS OU QUINHOES DE CAPITAL;1168.0
DF;70001723172;32;QUOTAS OU QUINHOES DE CAPITAL;1526.0
DF;70001723172;32;QUOTAS OU QUINHOES DE CAPITAL;1092.0
DF;70001723172;32;QUOTAS OU QUINHOES DE CAPITAL;2589.0
DF;70001723172;32;QUOTAS OU QUINHOES DE CAPITAL;1600.0
DF;70001723172;32;QUOTAS OU QUINHOES DE CAPITAL;9000.0
DF;70001723172;32;QUOTAS OU QUINHOES DE CAPITAL;4800.0
DF;70001723172;32;QUOTAS OU QUINHOES DE CAPITAL;1089.0
DF;70001723172;32;QUOTAS OU QUINHOES DE CAPITAL;10000.0
DF;70001723172;32;QUOTAS OU QUINHOES DE CAPITAL;10880.0
DF;70001723172;32;QUOTAS OU QUINHOES DE CAPITAL;67940.0
DF;70001723172;32;QUOTAS OU QUINHOES DE CAPITAL;1935.0
DF;70001723172;32;QUOTAS OU QUINHOES DE CAPITAL;1000.0
DF;70001723172;32;QUOTAS OU QUINHOES DE CAPITAL;1000.0
DF;70001723172;32;QUOTAS OU QUINHOES DE CAPITAL;44000.0
DF;70001723172;32;QUOTAS OU QUINHOES DE CAPITAL;58000.0
DF;70001723172;32;QUOTAS OU QUINHOES DE CAPITAL;18516.0
DF;70001723172;32;QUOTAS OU QUINHOES DE CAPITAL;48849.0
DF;70001723172;32;QUOTAS OU QUINHOES DE CAPITAL;19262.0
DF;70001723172;32;QUOTAS OU QUINHOES DE CAPITAL;1000.0
DF;70001723172;32;QUOTAS OU QUINHOES DE CAPITAL;1000.0
DF;70001723172;32;QUOTAS OU QUINHOES DE CAPITAL;1000.0
DF;70001723172;32;QUOTAS OU QUINHOES DE CAPITAL;1000.0
DF;70001723172;32;QUOTAS OU QUINHOES DE CAPITAL;1000.0
DF;70001723172;32;QUOTAS OU QUINHOES DE CAPITAL;1000.0
DF;70001723172;32;QUOTAS OU QUINHOES DE CAPITAL;1000.0
DF;70001723172;32;QUOTAS OU QUINHOES DE CAPITAL;1000.0
DF;70001723172;32;QUOTAS OU QUINHOES DE CAPITAL;1000.0
DF;70001723172;32;QUOTAS OU QUINHOES DE CAPITAL;249720.0
DF;70001723172;32;QUOTAS OU QUINHOES DE CAPITAL;12502552.63
DF;70001723172;32;QUOTAS OU QUINHOES DE CAPITAL;2700.0
DF;70001723172;32;QUOTAS OU QUINHOES DE CAPITAL;1827.0
DF;70001723172;32;QUOTAS OU QUINHOES DE CAPITAL;5108.0
DF;70001723172;32;QUOTAS OU QUINHOES DE CAPITAL;70808117.27
DF;70001723172;32;QUOTAS OU QUINHOES DE CAPITAL;50772.0
DF;70001723172;32;QUOTAS OU QUINHOES DE CAPITAL;1494.0
DF;70001723172;32;QUOTAS OU QUINHOES DE CAPITAL;1000.0
DF;70001723172;41;CADERNETA DE POUPANCA;6952.47
DF;70001723172;41;CADERNETA DE POUPANCA;13250.03
DF;70001723172;71;FUNDO DE CURTO PRAZO;5475.06
DF;70001723172;45;APLICACAO DE RENDA FIXA (CDB, RDB E OUTROS);70910.44
DF;70001723172;45;APLICACAO DE RENDA FIXA (CDB, RDB E OUTROS);201793.96
DF;70001723172;45;APLICACAO DE RENDA FIXA (CDB, RDB E OUTROS);147329.96
DF;70001723172;79;OUTROS FUNDOS;4073.7
DF;70001723172;69;OUTROS DEPOSITOS A VISTA E NUMERARIO;1755.7
DF;70001723172;69;OUTROS DEPOSITOS A VISTA E NUMERARIO;15.27
DF;70001723172;61;DEPOSITO BANCARIO EM CONTA CORRENTE NO PAIS;1683.0
DF;70001723172;61;DEPOSITO BANCARIO EM CONTA CORRENTE NO PAIS;7932.09
DF;70001723172;61;DEPOSITO BANCARIO EM CONTA CORRENTE NO PAIS;12429.4
DF;70001723172;71;FUNDO DE CURTO PRAZO;12420595.7
DF;70001723172;71;FUNDO DE CURTO PRAZO;1945316.94
DF;70001723172;79;OUTROS FUNDOS;1110.35
DF;70001723172;92;TITULO DE CLUBE E ASSEMELHADO;1387.93
DF;70001723172;92;TITULO DE CLUBE E ASSEMELHADO;693.98
SC;240001610772;21;VEICULO AUTOMOTOR TERRESTRE: CAMINHAO, AUTOMOVEL, MOTO, ETC.;18000.0
SC;240001610772;61;DEPOSITO BANCARIO EM CONTA CORRENTE NO PAIS;53124.55
SC;240001610772;61;DEPOSITO BANCARIO EM CONTA CORRENTE NO PAIS;134500.0
SC;240001610772;12;CASA;1200000.0
SC;240001610772;12;CASA;400023.61
SC;240001610772;13;TERRENO;25000.0
SC;240001610772;13;TERRENO;50000.0
SC;240001610772;13;TERRENO;50000.0
SC;240001610772;13;TERRENO;50000.0
SC;240001610772;13;TERRENO;50000.0
SC;240001610793;21;VEICULO AUTOMOTOR TERRESTRE: CAMINHAO, AUTOMOVEL, MOTO, ETC.;71000.0
SC;240001610793;21;VEICULO AUTOMOTOR TERRESTRE: CAMINHAO, AUTOMOVEL, MOTO, ETC.;6500.0
SC;240001610793;11;APARTAMENTO;223980.0
GO;90001615815;11;APARTAMENTO;116914.0
GO;90001615815;12;CASA;294000.0
GO;90001615815;12;CASA;360733.66
GO;90001615815;13;TERRENO;19900.85
GO;90001615815;13;TERRENO;28088.89
GO;90001615815;21;VEICULO AUTOMOTOR TERRESTRE: CAMINHAO, AUTOMOVEL, MOTO, ETC.;106500.0
GO;90001615815;61;DEPOSITO BANCARIO EM CONTA CORRENTE NO PAIS;4368.01
GO;90001615815;61;DEPOSITO BANCARIO EM CONTA CORRENTE NO PAIS;3330.72
GO;90001615815;61;DEPOSITO BANCARIO EM CONTA CORRENTE NO PAIS;1522.0
GO;90001615815;61;DEPOSITO BANCARIO EM CONTA CORRENTE NO PAIS;10775.86
GO;90001618706;12;CASA;280000.0
GO;90001618706;14;TERRA NUA;316764.28
GO;90001618706;32;QUOTAS OU QUINHOES DE CAPITAL;280000.0
GO;90001618706;32;QUOTAS OU QUINHOES DE CAPITAL;8000.0
GO;90001618706;59;OUTROS CREDITOS E POUPANCA VINCULADOS;61763.62
GO;90001618706;49;OUTRAS APLICACOES E INVESTIMENTOS;7000.0
GO;90001618706;49;OUTRAS APLICACOES E INVESTIMENTOS;3210.28
GO;90001618706;49;OUTRAS APLICACOES E INVESTIMENTOS;5000.0
GO;90001618706;49;OUTRAS APLICACOES E INVESTIMENTOS;3000.0
GO;90001618706;49;OUTRAS APLICACOES E INVESTIMENTOS;2000.0
GO;90001618706;49;OUTRAS APLICACOES E INVESTIMENTOS;2000.0
GO;90001618706;49;OUTRAS APLICACOES E INVESTIMENTOS;2000.0
GO;90001618706;49;OUTRAS APLICACOES E INVESTIMENTOS;3210.28
GO;90001618706;49;OUTRAS APLICACOES E INVESTIMENTOS;12927.1
GO;90001618706;59;OUTROS CREDITOS E POUPANCA VINCULADOS;36201.68
GO;90001618706;49;OUTRAS APLICACOES E INVESTIMENTOS;1602.59
GO;90001618706;49;OUTRAS APLICACOES E INVESTIMENTOS;141.0
GO;90001618706;59;OUTROS CREDITOS E POUPANCA VINCULADOS;4.9
GO;90001618706;49;OUTRAS APLICACOES E INVESTIMENTOS;504.77
GO;90001618706;49;OUTRAS APLICACOES E INVESTIMENTOS;1715.18
GO;90001618706;49;OUTRAS APLICACOES E INVESTIMENTOS;2737.03
GO;90001618706;32;QUOTAS OU QUINHOES DE CAPITAL;8000.0
GO;90001646326;61;DEPOSITO BANCARIO EM CONTA CORRENTE NO PAIS;10.0
GO;90001646326;61;DEPOSITO BANCARIO EM CONTA CORRENTE NO PAIS;1966.76
GO;90001646326;61;DEPOSITO BANCARIO EM CONTA CORRENTE NO PAIS;6040.11
GO;90001646326;61;DEPOSITO BANCARIO EM CONTA CORRENTE NO PAIS;49540.08
GO;90001646326;61;DEPOSITO BANCARIO EM CONTA CORRENTE NO PAIS;15.53
GO;90001646326;45;APLICACAO DE RENDA FIXA (CDB, RDB E OUTROS);2444.26
GO;90001646326;99;OUTROS BENS E DIREITOS;5414878.95
GO;90001646326;99;OUTROS BENS E DIREITOS;262698.24
GO;90001646326;19;OUTROS BENS IMOVEIS;44518.01
GO;90001646326;11;APARTAMENTO;166231.34
GO;90001646326;12;CASA;70000.0
GO;90001646326;13;TERRENO;243037.95
GO;90001646326;19;OUTROS BENS IMOVEIS;699524.59
GO;90001646326;19;OUTROS BENS IMOVEIS;108259.75
GO;90001646326;19;OUTROS BENS IMOVEIS;296379.12
GO;90001646326;19;OUTROS BENS IMOVEIS;1173.6
GO;90001646326;19;OUTROS BENS IMOVEIS;5633.28
GO;90001646326;19;OUTROS BENS IMOVEIS;600000.0
GO;90001646326;19;OUTROS BENS IMOVEIS;285280.0
GO;90001646326;19;OUTROS BENS IMOVEIS;34000.0
GO;90001646326;19;OUTROS BENS IMOVEIS;378000.0
GO;90001646326;19;OUTROS BENS IMOVEIS;36000.0
GO;90001646326;19;OUTROS BENS IMOVEIS;503375.98
GO;90001646326;19;OUTROS BENS IMOVEIS;2805296.32
GO;90001646326;19;OUTROS BENS IMOVEIS;210242.3
GO;90001646326;19;OUTROS BENS IMOVEIS;3149796.49
GO;90001646326;19;OUTROS BENS IMOVEIS;2057502.76
GO;90001646326;19;OUTROS BENS IMOVEIS;472761.05
GO;90001646326;19;OUTROS BENS IMOVEIS;384275.57
GO;90001646326;19;OUTROS BENS IMOVEIS;241544.64
GO;90001646326;19;OUTROS BENS IMOVEIS;140205.69
GO;90001646326;19;OUTROS BENS IMOVEIS;629443.38
GO;90001646326;19;OUTROS BENS IMOVEIS;417213.47
GO;90001646326;19;OUTROS BENS IMOVEIS;109793.02
GO;90001646326;19;OUTROS BENS IMOVEIS;277614.78
GO;90001646326;19;OUTROS BENS IMOVEIS;433112.12
GO;90001646326;19;OUTROS BENS IMOVEIS;854012.64
GO;90001646326;19;OUTROS BENS IMOVEIS;585956.04
GO;90001646326;19;OUTROS BENS IMOVEIS;669928.46
GO;90001646326;19;OUTROS BENS IMOVEIS;274482.55
GO;90001646326;19;OUTROS BENS IMOVEIS;1009656.6
GO;90001646326;15;SALA OU CONJUNTO;35711.94
GO;90001646326;21;VEICULO AUTOMOTOR TERRESTRE: CAMINHAO, AUTOMOVEL, MOTO, ETC.;7100.0
GO;90001646326;31;ACOES (INCLUSIVE AS PROVENIENTES DE LINHA TELEFONICA);83.33
GO;90001646326;31;ACOES (INCLUSIVE AS PROVENIENTES DE LINHA TELEFONICA);50.2
GO;90001646326;26;LINHA TELEFONICA;4640.34
GO;90001646326;39;OUTRAS PARTICIPACOES SOCIETARIAS;35000.0
GO;90001646326;39;OUTRAS PARTICIPACOES SOCIETARIAS;2247.21
GO;90001646326;39;OUTRAS PARTICIPACOES SOCIETARIAS;270000.0
GO;90001646326;39;OUTRAS PARTICIPACOES SOCIETARIAS;510064.0
GO;90001646326;39;OUTRAS PARTICIPACOES SOCIETARIAS;66030.6
GO;90001646326;45;APLICACAO DE RENDA FIXA (CDB, RDB E OUTROS);675.55
GO;90001646326;61;DEPOSITO BANCARIO EM CONTA CORRENTE NO PAIS;10987.59
SP;250001597898;11;APARTAMENTO;2253990.53
SP;250001597898;21;VEICULO AUTOMOTOR TERRESTRE: CAMINHAO, AUTOMOVEL, MOTO, ETC.;145000.0
SP;250001597898;32;QUOTAS OU QUINHOES DE CAPITAL;1.0
SP;250001597898;31;ACOES (INCLUSIVE AS PROVENIENTES DE LINHA TELEFONICA);100000.0
SP;250001597898;32;QUOTAS OU QUINHOES DE CAPITAL;6250.0
SP;250001597898;45;APLICACAO DE RENDA FIXA (CDB, RDB E OUTROS);55410.0
SP;250001597898;45;APLICACAO DE RENDA FIXA (CDB, RDB E OUTROS);3674.43
SP;250001597898;49;OUTRAS APLICACOES E INVESTIMENTOS;14486.55
SP;250001597898;45;APLICACAO DE RENDA FIXA (CDB, RDB E OUTROS);164297.26
SP;250001597898;61;DEPOSITO BANCARIO EM CONTA CORRENTE NO PAIS;41504.55
SP;250001597898;61;DEPOSITO BANCARIO EM CONTA CORRENTE NO PAIS;5149.34
SP;250001597898;63;DINHEIRO EM ESPECIE - MOEDA NACIONAL;5000.0
SP;250001597898;99;OUTROS BENS E DIREITOS;0.01
SP;250001597898;73;FUNDO DE INVESTIMENTO IMOBILIARIO;30034.18
SP;250001597898;72;FUNDO DE LONGO PRAZO E FUNDO DE INVESTIMENTOS EM DIREITOS CREDITORIOS (FIDC);40000.0
SP;250001597898;72;FUNDO DE LONGO PRAZO E FUNDO DE INVESTIMENTOS EM DIREITOS CREDITORIOS (FIDC);10000.0
SP;250001597898;99;OUTROS BENS E DIREITOS;4732.17
SP;250001597898;99;OUTROS BENS E DIREITOS;280.36
SP;250001597898;99;OUTROS BENS E DIREITOS;2376.83
SP;250001597898;99;OUTROS BENS E DIREITOS;129.23
SP;250001597898;99;OUTROS BENS E DIREITOS;161.32
SP;250001597898;99;OUTROS BENS E DIREITOS;138.38
SP;250001597898;99;OUTROS BENS E DIREITOS;459.34
SP;250001597898;99;OUTROS BENS E DIREITOS;105.14
SP;250001597898;99;OUTROS BENS E DIREITOS;430.5
SP;250001597898;99;OUTROS BENS E DIREITOS;2210.7
SP;250001597898;99;OUTROS BENS E DIREITOS;605.59
SP;250001597898;99;OUTROS BENS E DIREITOS;561.22
SP;250001597898;99;OUTROS BENS E DIREITOS;12600.0
SP;250001597898;99;OUTROS BENS E DIREITOS;423.71
SP;250001597898;45;APLICACAO DE RENDA FIXA (CDB, RDB E OUTROS);43044.34
SP;250001597898;61;DEPOSITO BANCARIO EM CONTA CORRENTE NO PAIS;79.04
SP;250001597898;73;FUNDO DE INVESTIMENTO IMOBILIARIO;30450.0
SP;250001601996;12;CASA;200000.0
SP;250001601996;41;CADERNETA DE POUPANCA;5000.0
MA;100001604435;11;APARTAMENTO;190000.05
MA;100001604435;61;DEPOSITO BANCARIO EM CONTA CORRENTE NO PAIS;2209.09
MA;100001604435;97;VGBL - VIDA GERADOR DE BENEFICIO LIVRE;171.16
MS;120001714229;21;VEICULO AUTOMOTOR TERRESTRE: CAMINHAO, AUTOMOVEL, MOTO, ETC.;78000.0
MS;120001714229;21;VEICULO AUTOMOTOR TERRESTRE: CAMINHAO, AUTOMOVEL, MOTO, ETC.;294870.48
MS;120001714229;21;VEICULO AUTOMOTOR TERRESTRE: CAMINHAO, AUTOMOVEL, MOTO, ETC.;20500.0
MS;120001714229;41;CADERNETA DE POUPANCA;91639.4
MS;120001714229;41;CADERNETA DE POUPANCA;80.26
MS;120001714229;59;OUTROS CREDITOS E POUPANCA VINCULADOS;72463.64
MS;120001714229;59;OUTROS CREDITOS E POUPANCA VINCULADOS;23981.84
MS;120001714229;49;OUTRAS APLICACOES E INVESTIMENTOS;1513.36
MA;100001609046;11;APARTAMENTO;400000.0
MA;100001609046;13;TERRENO;395000.0
MA;100001609046;19;OUTROS BENS IMOVEIS;1200000.0
MA;100001609046;19;OUTROS BENS IMOVEIS;320000.0
MA;100001609046;19;OUTROS BENS IMOVEIS;91000.0
MA;100001609046;21;VEICULO AUTOMOTOR TERRESTRE: CAMINHAO, AUTOMOVEL, MOTO, ETC.;330000.0
MA;100001609046;32;QUOTAS OU QUINHOES DE CAPITAL;60000.0
MA;100001609046;41;CADERNETA DE POUPANCA;581.0
MA;100001609046;99;OUTROS BENS E DIREITOS;605729.23
MA;100001609046;99;OUTROS BENS E DIREITOS;567077.52
MA;100001609046;61;DEPOSITO BANCARIO EM CONTA CORRENTE NO PAIS;3250.07
MA;100001609046;99;OUTROS BENS E DIREITOS;642000.0
MT;110001722727;13;TERRENO;100000.0
MT;110001722727;12;CASA;380000.0
MT;110001722727;12;CASA;185000.0
MT;110001722727;12;CASA;180000.0
MT;110001722727;21;VEICULO AUTOMOTOR TERRESTRE: CAMINHAO, AUTOMOVEL, MOTO, ETC.;150000.0
MS;120001596872;19;OUTROS BENS IMOVEIS;52392.0
MS;120001596872;16;CONSTRUCAO;112540.0
SP;250001612450;99;OUTROS BENS E DIREITOS;501066.76
SP;250001612450;11;APARTAMENTO;1399797.53
SP;250001612450;12;CASA;958063.66
SP;250001612450;21;VEICULO AUTOMOTOR TERRESTRE: CAMINHAO, AUTOMOVEL, MOTO, ETC.;383496.3
SP;250001612450;32;QUOTAS OU QUINHOES DE CAPITAL;2000000.0
SP;250001612450;61;DEPOSITO BANCARIO EM CONTA CORRENTE NO PAIS;433865.94
SP;250001612450;92;TITULO DE CLUBE E ASSEMELHADO;2500.0
SP;250001612465;11;APARTAMENTO;90000.0
SP;250001612465;12;CASA;183000.0
SP;250001612465;32;QUOTAS OU QUINHOES DE CAPITAL;140446.26
SP;250001612465;45;APLICACAO DE RENDA FIXA (CDB, RDB E OUTROS);28377.78
SP;250001612465;45;APLICACAO DE RENDA FIXA (CDB, RDB E OUTROS);153235.25
MG;130001650894;11;APARTAMENTO;133255.64
MG;130001650894;11;APARTAMENTO;152150.0
MG;130001650894;11;APARTAMENTO;1960000.0
MG;130001650894;13;TERRENO;14500.0
MG;130001650894;13;TERRENO;50000.0
MG;130001650894;15;SALA OU CONJUNTO;420000.0
MG;130001650894;11;APARTAMENTO;355833.98
MG;130001650894;32;QUOTAS OU QUINHOES DE CAPITAL;400000.0
MG;130001650894;32;QUOTAS OU QUINHOES DE CAPITAL;6000.0
MG;130001650894;63;DINHEIRO EM ESPECIE - MOEDA NACIONAL;75000.0
MG;130001693598;61;DEPOSITO BANCARIO EM CONTA CORRENTE NO PAIS;136.07
MG;130001701690;32;QUOTAS OU QUINHOES DE CAPITAL;3666680.0
MG;130001701690;12;CASA;704864.25
MG;130001701690;13;TERRENO;70000.0
MG;130001701690;32;QUOTAS OU QUINHOES DE CAPITAL;72300688.0
MG;130001701690;32;QUOTAS OU QUINHOES DE CAPITAL;44110.0
MG;130001701690;32;QUOTAS OU QUINHOES DE CAPITAL;47000.0
MG;130001701690;32;QUOTAS OU QUINHOES DE CAPITAL;9250.0
MG;130001701690;32;QUOTAS OU QUINHOES DE CAPITAL;18000.0
MG;130001701690;32;QUOTAS OU QUINHOES DE CAPITAL;21740.81
MG;130001701690;32;QUOTAS OU QUINHOES DE CAPITAL;16834806.0
MG;130001701690;41;CADERNETA DE POUPANCA;88.27
MG;130001701690;45;APLICACAO DE RENDA FIXA (CDB, RDB E OUTROS);1376504.6
MG;130001701690;61;DEPOSITO BANCARIO EM CONTA CORRENTE NO PAIS;9478.85
MG;130001701690;61;DEPOSITO BANCARIO EM CONTA CORRENTE NO PAIS;260.86
MG;130001701690;79;OUTROS FUNDOS;33446198.57
MG;130001701690;99;OUTROS BENS E DIREITOS;1245643.49
MG;130001713602;11;APARTAMENTO;350000.0
PA;140001596649;12;CASA;399300.0
PA;140001596649;16;CONSTRUCAO;132000.0
PA;140001596649;13;TERRENO;1250000.0
PA;140001596649;95;CONSORCIO NAO CONTEMPLADO;40707.46
PA;140001596649;95;CONSORCIO NAO CONTEMPLADO;34501.74
PA;140001596649;99;OUTROS BENS E DIREITOS;405156.0
MT;110001643543;12;CASA;2870816.48
MT;110001643543;19;OUTROS BENS IMOVEIS;24000.0
MT;110001643543;19;OUTROS BENS IMOVEIS;378130.74
MT;110001643543;32;QUOTAS OU QUINHOES DE CAPITAL;105718880.0
MT;110001643543;49;OUTRAS APLICACOES E INVESTIMENTOS;1575.42
MT;110001643543;97;VGBL - VIDA GERADOR DE BENEFICIO LIVRE;47.12
MT;110001643543;49;OUTRAS APLICACOES E INVESTIMENTOS;821.42
PB;150001621388;11;APARTAMENTO;690000.0
PB;150001621388;12;CASA;90000.0
PB;150001621388;21;VEICULO AUTOMOTOR TERRESTRE: CAMINHAO, AUTOMOVEL, MOTO, ETC.;55000.0
PB;150001621388;61;DEPOSITO BANCARIO EM CONTA CORRENTE NO PAIS;20000.0
PB;150001621388;49;OUTRAS APLICACOES E INVESTIMENTOS;122000.0
TO;270001644066;29;OUTROS BENS MOVEIS;60000.0
TO;270001644066;45;APLICACAO DE RENDA FIXA (CDB, RDB E OUTROS);9044.59
TO;270001644066;19;OUTROS BENS IMOVEIS;39298.33
TO;270001649556;13;TERRENO;10000.0
TO;270001649556;22;AERONAVE;20000.0
TO;270001649556;23;EMBARCACAO;52000.0
TO;270001649556;32;QUOTAS OU QUINHOES DE CAPITAL;7559.9
TO;270001649556;32;QUOTAS OU QUINHOES DE CAPITAL;447384.0
TO;270001649556;61;DEPOSITO BANCARIO EM CONTA CORRENTE NO PAIS;11265.0
TO;270001651884;11;APARTAMENTO;1014504.25
TO;270001651884;16;CONSTRUCAO;957682.58
TO;270001651884;13;TERRENO;378526.1
TO;270001651884;99;OUTROS BENS E DIREITOS;350000.0
TO;270001651884;99;OUTROS BENS E DIREITOS;122500.0
TO;270001651884;31;ACOES (INCLUSIVE AS PROVENIENTES DE LINHA TELEFONICA);1.0
PB;150001643180;11;APARTAMENTO;512497.93
PB;150001643180;11;APARTAMENTO;603000.0
PB;150001643180;45;APLICACAO DE RENDA FIXA (CDB, RDB E OUTROS);41813.01
PB;150001643180;45;APLICACAO DE RENDA FIXA (CDB, RDB E OUTROS);391.33
PB;150001643180;61;DEPOSITO BANCARIO EM CONTA CORRENTE NO PAIS;29.85
PB;150001643180;61;DEPOSITO BANCARIO EM CONTA CORRENTE NO PAIS;28530.4
TO;270001651884;31;ACOES (INCLUSIVE AS PROVENIENTES DE LINHA TELEFONICA);1.0
TO;270001651884;39;OUTRAS PARTICIPACOES SOCIETARIAS;4500.0
TO;270001651884;39;OUTRAS PARTICIPACOES SOCIETARIAS;99840.0
TO;270001651884;39;OUTRAS PARTICIPACOES SOCIETARIAS;963341.28
TO;270001651884;74;FUNDOS: ACOES, MUTUOS DE PRIVATIZACAO, INVEST. EMPRESAS EMERGENTES, INVEST.PARTICIPACAO E INVEST. INDICE MERCADO;20151.11
TO;270001651884;51;CREDITO DECORRENTE DE EMPRESTIMO;963341.28
TO;270001651884;51;CREDITO DECORRENTE DE EMPRESTIMO;171053.72
TO;270001651884;51;CREDITO DECORRENTE DE EMPRESTIMO;168000.0
TO;270001651884;61;DEPOSITO BANCARIO EM CONTA CORRENTE NO PAIS;1473020.07
TO;270001652198;12;CASA;350000.0
TO;270001652198;19;OUTROS BENS IMOVEIS;220000.0
TO;270001652198;19;OUTROS BENS IMOVEIS;170000.0
TO;270001652198;19;OUTROS BENS IMOVEIS;185000.0
TO;270001652198;15;SALA OU CONJUNTO;300000.0
TO;270001652198;99;OUTROS BENS E DIREITOS;740000.0
TO;270001652198;61;DEPOSITO BANCARIO EM CONTA CORRENTE NO PAIS;2316.38
TO;270001652198;61;DEPOSITO BANCARIO EM CONTA CORRENTE NO PAIS;13330.56
TO;270001652198;21;VEICULO AUTOMOTOR TERRESTRE: CAMINHAO, AUTOMOVEL, MOTO, ETC.;220000.0
TO;270001676047;11;APARTAMENTO;39000.0
TO;270001676047;12;CASA;84000.0
TO;270001676047;12;CASA;52000.0
TO;270001676047;12;CASA;520000.0
TO;270001676047;13;TERRENO;80000.0
TO;270001676047;13;TERRENO;70000.0
TO;270001676047;21;VEICULO AUTOMOTOR TERRESTRE: CAMINHAO, AUTOMOVEL, MOTO, ETC.;60000.0
MG;130001615084;12;CASA;100000.0
MG;130001615084;21;VEICULO AUTOMOTOR TERRESTRE: CAMINHAO, AUTOMOVEL, MOTO, ETC.;23460.0
AC;10001595336;21;VEICULO AUTOMOTOR TERRESTRE: CAMINHAO, AUTOMOVEL, MOTO, ETC.;40000.0
AC;10001595336;12;CASA;400000.0
AC;10001595336;21;VEICULO AUTOMOTOR TERRESTRE: CAMINHAO, AUTOMOVEL, MOTO, ETC.;73900.0
AC;10001601556;12;CASA;110000.0
AC;10001601556;19;OUTROS BENS IMOVEIS;55000.0
AC;10001601556;19;OUTROS BENS IMOVEIS;191174.48
AC;10001601556;19;OUTROS BENS IMOVEIS;191174.48
AC;10001601556;19;OUTROS BENS IMOVEIS;139966.62
AC;10001601556;19;OUTROS BENS IMOVEIS;36000.0
AC;10001601556;13;TERRENO;293304.0
AC;10001601556;19;OUTROS BENS IMOVEIS;115000.0
AC;10001601556;19;OUTROS BENS IMOVEIS;28000.0
AC;10001601556;19;OUTROS BENS IMOVEIS;60000.0
AC;10001601556;19;OUTROS BENS IMOVEIS;15000.0
AC;10001601556;19;OUTROS BENS IMOVEIS;10000.0
AC;10001601556;19;OUTROS BENS IMOVEIS;3000.0
AC;10001601556;21;VEICULO AUTOMOTOR TERRESTRE: CAMINHAO, AUTOMOVEL, MOTO, ETC.;77000.0
AC;10001601556;21;VEICULO AUTOMOTOR TERRESTRE: CAMINHAO, AUTOMOVEL, MOTO, ETC.;170000.0
AC;10001601556;21;VEICULO AUTOMOTOR TERRESTRE: CAMINHAO, AUTOMOVEL, MOTO, ETC.;80000.0
AC;10001601556;39;OUTRAS PARTICIPACOES SOCIETARIAS;9800.0
AC;10001601556;99;OUTROS BENS E DIREITOS;10000.0
AC;10001601556;54;POUPANCA PARA CONSTRUCAO OU AQUISICAO DE BEM IMOVEL;30020.44
AC;10001601556;95;CONSORCIO NAO CONTEMPLADO;74084.57
AC;10001601556;21;VEICULO AUTOMOTOR TERRESTRE: CAMINHAO, AUTOMOVEL, MOTO, ETC.;215000.0
AC;10001601556;24;BEM RELACIONADO COM O EXERCICIO DA ATIVIDADE AUTONOMA;1830500.0
AC;10001606307;21;VEICULO AUTOMOTOR TERRESTRE: CAMINHAO, AUTOMOVEL, MOTO, ETC.;10000.0
AC;10001606307;21;VEICULO AUTOMOTOR TERRESTRE: CAMINHAO, AUTOMOVEL, MOTO, ETC.;2500.0
AC;10001612476;21;VEICULO AUTOMOTOR TERRESTRE: CAMINHAO, AUTOMOVEL, MOTO, ETC.;606831.28
AC;10001612476;13;TERRENO;600000.0
AC;10001612476;16;CONSTRUCAO;58811.7
AC;10001612476;21;VEICULO AUTOMOTOR TERRESTRE: CAMINHAO, AUTOMOVEL, MOTO, ETC.;449000.0
AC;10001612476;22;AERONAVE;1500000.0
AC;10001612476;32;QUOTAS OU QUINHOES DE CAPITAL;1000000.0
AC;10001612476;99;OUTROS BENS E DIREITOS;1055.88
AC;10001612476;99;OUTROS BENS E DIREITOS;49000.0
AC;10001612476;49;OUTRAS APLICACOES E INVESTIMENTOS;1000.0
AC;10001612476;59;OUTROS CREDITOS E POUPANCA VINCULADOS;34.82
AC;10001612476;45;APLICACAO DE RENDA FIXA (CDB, RDB E OUTROS);577.0
AC;10001612476;45;APLICACAO DE RENDA FIXA (CDB, RDB E OUTROS);14366.34
AC;10001612476;99;OUTROS BENS E DIREITOS;180.0
AC;10001612476;99;OUTROS BENS E DIREITOS;1.0
AC;10001612476;99;OUTROS BENS E DIREITOS;0.43
AC;10001612476;99;OUTROS BENS E DIREITOS;1635.99
AC;10001612476;99;OUTROS BENS E DIREITOS;61790.64
AC;10001612476;99;OUTROS BENS E DIREITOS;488.6
AC;10001612476;95;CONSORCIO NAO CONTEMPLADO;29175.51
AC;10001612476;95;CONSORCIO NAO CONTEMPLADO;29175.51
AC;10001612476;95;CONSORCIO NAO CONTEMPLADO;30200.05
AC;10001612476;95;CONSORCIO NAO CONTEMPLADO;35083.0
AC;10001612476;95;CONSORCIO NAO CONTEMPLADO;62313.86
AC;10001612476;95;CONSORCIO NAO CONTEMPLADO;37426.34
AC;10001612476;95;CONSORCIO NAO CONTEMPLADO;47808.82
AC;10001612476;95;CONSORCIO NAO CONTEMPLADO;97818.86
AC;10001612476;95;CONSORCIO NAO CONTEMPLADO;47807.81
AC;10001612476;45;APLICACAO DE RENDA FIXA (CDB, RDB E OUTROS);3000.0
AC;10001612476;79;OUTROS FUNDOS;396800.0
AC;10001616169;11;APARTAMENTO;1446757.93
AC;10001616169;12;CASA;330000.0
AC;10001616169;13;TERRENO;180000.0
AC;10001616169;13;TERRENO;566700.0
AC;10001616169;13;TERRENO;250000.0
AC;10001616169;13;TERRENO;25000.0
AC;10001616169;13;TERRENO;225000.0
AC;10001616169;13;TERRENO;80000.0
AC;10001616169;13;TERRENO;40000.0
AC;10001616169;13;TERRENO;350000.0
AC;10001616169;21;VEICULO AUTOMOTOR TERRESTRE: CAMINHAO, AUTOMOVEL, MOTO, ETC.;78350.0
AC;10001616169;31;ACOES (INCLUSIVE AS PROVENIENTES DE LINHA TELEFONICA);8220.77
AC;10001616169;39;OUTRAS PARTICIPACOES SOCIETARIAS;9300.0
AC;10001616169;41;CADERNETA DE POUPANCA;23.81
AC;10001616169;41;CADERNETA DE POUPANCA;944.64
AC;10001616169;45;APLICACAO DE RENDA FIXA (CDB, RDB E OUTROS);5110.4
AC;10001616169;61;DEPOSITO BANCARIO EM CONTA CORRENTE NO PAIS;30969.6
AC;10001616169;61;DEPOSITO BANCARIO EM CONTA CORRENTE NO PAIS;12865.53
AC;10001616169;61;DEPOSITO BANCARIO EM CONTA CORRENTE NO PAIS;24653.98
AC;10001623440;21;VEICULO AUTOMOTOR TERRESTRE: CAMINHAO, AUTOMOVEL, MOTO, ETC.;250000.0
AC;10001623440;11;APARTAMENTO;500000.0
AC;10001623440;11;APARTAMENTO;1720802.12
AC;10001623440;13;TERRENO;520000.0
AC;10001623440;32;QUOTAS OU QUINHOES DE CAPITAL;52479.15
AC;10001623440;99;OUTROS BENS E DIREITOS;200000.0
AC;10001623440;61;DEPOSITO BANCARIO EM CONTA CORRENTE NO PAIS;80457.99
PE;170001602587;11;APARTAMENTO;1347390.42
PE;170001602587;12;CASA;28000.0
PE;170001602587;12;CASA;40000.0
PE;170001602587;24;BEM RELACIONADO COM O EXERCICIO DA ATIVIDADE AUTONOMA;220000.0
AC;10001639519;59;OUTROS CREDITOS E POUPANCA VINCULADOS;3350.85
AC;10001639519;21;VEICULO AUTOMOTOR TERRESTRE: CAMINHAO, AUTOMOVEL, MOTO, ETC.;90000.0
AC;10001639519;21;VEICULO AUTOMOTOR TERRESTRE: CAMINHAO, AUTOMOVEL, MOTO, ETC.;66000.0
AC;10001639519;61;DEPOSITO BANCARIO EM CONTA CORRENTE NO PAIS;739.15
AC;10001639519;61;DEPOSITO BANCARIO EM CONTA CORRENTE NO PAIS;22552.44
AC;10001639519;61;DEPOSITO BANCARIO EM CONTA CORRENTE NO PAIS;885.09
PE;170001602587;45;APLICACAO DE RENDA FIXA (CDB, RDB E OUTROS);102578.93
PE;170001602587;45;APLICACAO DE RENDA FIXA (CDB, RDB E OUTROS);2643.46
PE;170001602587;45;APLICACAO DE RENDA FIXA (CDB, RDB E OUTROS);349.96
PE;170001602587;63;DINHEIRO EM ESPECIE - MOEDA NACIONAL;50000.0
PE;170001604087;45;APLICACAO DE RENDA FIXA (CDB, RDB E OUTROS);11001.79
PE;170001604087;11;APARTAMENTO;289574.2
PE;170001604087;21;VEICULO AUTOMOTOR TERRESTRE: CAMINHAO, AUTOMOVEL, MOTO, ETC.;40000.0
PE;170001604087;61;DEPOSITO BANCARIO EM CONTA CORRENTE NO PAIS;1.0
PE;170001604111;31;ACOES (INCLUSIVE AS PROVENIENTES DE LINHA TELEFONICA);428880.84
PE;170001604111;32;QUOTAS OU QUINHOES DE CAPITAL;145230.0
PE;170001604111;61;DEPOSITO BANCARIO EM CONTA CORRENTE NO PAIS;19670.08
PE;170001604111;41;CADERNETA DE POUPANCA;1419.87
PE;170001604111;45;APLICACAO DE RENDA FIXA (CDB, RDB E OUTROS);13082.58
PE;170001604111;51;CREDITO DECORRENTE DE EMPRESTIMO;749749.53
PE;170001604111;61;DEPOSITO BANCARIO EM CONTA CORRENTE NO PAIS;4981.39
PE;170001604111;72;FUNDO DE LONGO PRAZO E FUNDO DE INVESTIMENTOS EM DIREITOS CREDITORIOS (FIDC);113978.68
PE;170001604111;73;FUNDO DE INVESTIMENTO IMOBILIARIO;127619.36
PE;170001604111;74;FUNDOS: ACOES, MUTUOS DE PRIVATIZACAO, INVEST. EMPRESAS EMERGENTES, INVEST.PARTICIPACAO E INVEST. INDICE MERCADO;50783.65
PE;170001604111;99;OUTROS BENS E DIREITOS;311474.45
PB;150001718119;63;DINHEIRO EM ESPECIE - MOEDA NACIONAL;31230.0
PB;150001718119;12;CASA;650000.0
PB;150001718119;12;CASA;135000.0
PB;150001718119;21;VEICULO AUTOMOTOR TERRESTRE: CAMINHAO, AUTOMOVEL, MOTO, ETC.;15000.0
AM;40001619528;11;APARTAMENTO;120000.0
AM;40001619528;39;OUTRAS PARTICIPACOES SOCIETARIAS;100000.0
AM;40001619528;45;APLICACAO DE RENDA FIXA (CDB, RDB E OUTROS);53976.27
AM;40001619528;61;DEPOSITO BANCARIO EM CONTA CORRENTE NO PAIS;1.0
AM;40001619528;49;OUTRAS APLICACOES E INVESTIMENTOS;22855.32
PB;150001718244;61;DEPOSITO BANCARIO EM CONTA CORRENTE NO PAIS;6000.0
AM;40001639064;21;VEICULO AUTOMOTOR TERRESTRE: CAMINHAO, AUTOMOVEL, MOTO, ETC.;69000.0
AM;40001639064;21;VEICULO AUTOMOTOR TERRESTRE: CAMINHAO, AUTOMOVEL, MOTO, ETC.;27000.0
AM;40001639064;31;ACOES (INCLUSIVE AS PROVENIENTES DE LINHA TELEFONICA);45000.0
AM;40001643027;12;CASA;1.0
AM;40001643027;13;TERRENO;5666.94
AM;40001643027;17;BENFEITORIAS;35134.99
AM;40001643027;21;VEICULO AUTOMOTOR TERRESTRE: CAMINHAO, AUTOMOVEL, MOTO, ETC.;164899.52
AM;40001643027;21;VEICULO AUTOMOTOR TERRESTRE: CAMINHAO, AUTOMOVEL, MOTO, ETC.;261000.0
AM;40001643027;21;VEICULO AUTOMOTOR TERRESTRE: CAMINHAO, AUTOMOVEL, MOTO, ETC.;179000.0
AM;40001643027;23;EMBARCACAO;210000.0
AM;40001643027;99;OUTROS BENS E DIREITOS;298500.0
AM;40001643027;32;QUOTAS OU QUINHOES DE CAPITAL;200000.0
AM;40001643027;32;QUOTAS OU QUINHOES DE CAPITAL;329741.0
AM;40001643027;41;CADERNETA DE POUPANCA;108653.87
AM;40001643027;74;FUNDOS: ACOES, MUTUOS DE PRIVATIZACAO, INVEST. EMPRESAS EMERGENTES, INVEST.PARTICIPACAO E INVEST. INDICE MERCADO;408.81
AM;40001643027;45;APLICACAO DE RENDA FIXA (CDB, RDB E OUTROS);7299.1
AM;40001643027;45;APLICACAO DE RENDA FIXA (CDB, RDB E OUTROS);298551.63
AM;40001643027;45;APLICACAO DE RENDA FIXA (CDB, RDB E OUTROS);18864.45
AM;40001643027;59;OUTROS CREDITOS E POUPANCA VINCULADOS;800000.0
AM;40001643027;59;OUTROS CREDITOS E POUPANCA VINCULADOS;390081.28
AM;40001643027;59;OUTROS CREDITOS E POUPANCA VINCULADOS;155000.0
AM;40001643027;59;OUTROS CREDITOS E POUPANCA VINCULADOS;45000.0
AM;40001643027;59;OUTROS CREDITOS E POUPANCA VINCULADOS;150000.0
AM;40001643027;61;DEPOSITO BANCARIO EM CONTA CORRENTE NO PAIS;0.45
AM;40001643027;61;DEPOSITO BANCARIO EM CONTA CORRENTE NO PAIS;1.0
AM;40001643027;61;DEPOSITO BANCARIO EM CONTA CORRENTE NO PAIS;4724.64
AM;40001643027;63;DINHEIRO EM ESPECIE - MOEDA NACIONAL;190000.0
AM;40001643027;95;CONSORCIO NAO CONTEMPLADO;55590.27
PR;160001600815;12;CASA;80144.0
PR;160001600815;99;OUTROS BENS E DIREITOS;10494.0
PR;160001600815;99;OUTROS BENS E DIREITOS;4000.0
PR;160001600815;99;OUTROS BENS E DIREITOS;300000.0
PR;160001600815;99;OUTROS BENS E DIREITOS;480000.0
PR;160001600815;61;DEPOSITO BANCARIO EM CONTA CORRENTE NO PAIS;22000.0
PR;160001600815;41;CADERNETA DE POUPANCA;288.82
AM;40001718559;32;QUOTAS OU QUINHOES DE CAPITAL;3000000.0
AM;40001718559;25;JOIA, QUADRO, OBJETO DE ARTE, DE COLECAO, ANTIGUIDADE, ETC.;1700000.0
AM;40001718559;13;TERRENO;590000.0
AM;40001718559;21;VEICULO AUTOMOTOR TERRESTRE: CAMINHAO, AUTOMOVEL, MOTO, ETC.;40000.0
AM;40001719317;99;OUTROS BENS E DIREITOS;99800.0
AM;40001719317;12;CASA;645000.0
RJ;190001600399;62;DEPOSITO BANCARIO EM CONTA CORRENTE NO EXTERIOR;20765.26
RJ;190001600399;62;DEPOSITO BANCARIO EM CONTA CORRENTE NO EXTERIOR;92269.89
RJ;190001600399;61;DEPOSITO BANCARIO EM CONTA CORRENTE NO PAIS;34.0
RJ;190001600399;61;DEPOSITO BANCARIO EM CONTA CORRENTE NO PAIS;14850.37
RJ;190001600399;61;DEPOSITO BANCARIO EM CONTA CORRENTE NO PAIS;5.34
RJ;190001600399;61;DEPOSITO BANCARIO EM CONTA CORRENTE NO PAIS;896.75
RJ;190001600399;49;OUTRAS APLICACOES E INVESTIMENTOS;36531.39
RJ;190001600399;79;OUTROS FUNDOS;27142.22
RJ;190001600399;74;FUNDOS: ACOES, MUTUOS DE PRIVATIZACAO, INVEST. EMPRESAS EMERGENTES, INVEST.PARTICIPACAO E INVEST. INDICE MERCADO;20000.0
RJ;190001600399;39;OUTRAS PARTICIPACOES SOCIETARIAS;500.0
PE;170001610442;31;ACOES (INCLUSIVE AS PROVENIENTES DE LINHA TELEFONICA);4500.0
PE;170001610442;11;APARTAMENTO;735000.0
PE;170001610442;15;SALA OU CONJUNTO;43000.0
PE;170001610442;21;VEICULO AUTOMOTOR TERRESTRE: CAMINHAO, AUTOMOVEL, MOTO, ETC.;110000.0
PE;170001610442;39;OUTRAS PARTICIPACOES SOCIETARIAS;21000.0
PE;170001610442;49;OUTRAS APLICACOES E INVESTIMENTOS;3019.16
PE;170001610442;49;OUTRAS APLICACOES E INVESTIMENTOS;6143.55
PE;170001610442;61;DEPOSITO BANCARIO EM CONTA CORRENTE NO PAIS;10008.07
PE;170001610442;63;DINHEIRO EM ESPECIE - MOEDA NACIONAL;146000.0
PE;170001610442;97;VGBL - VIDA GERADOR DE BENEFICIO LIVRE;94943.86
PE;170001613254;11;APARTAMENTO;150000.0
PE;170001613254;29;OUTROS BENS MOVEIS;60000.0
DF;70001597108;11;APARTAMENTO;285000.0
PE;170001618087;19;OUTROS BENS IMOVEIS;600000.0
PE;170001618087;19;OUTROS BENS IMOVEIS;33333.33
PE;170001618087;13;TERRENO;5000.0
PE;170001618087;21;VEICULO AUTOMOTOR TERRESTRE: CAMINHAO, AUTOMOVEL, MOTO, ETC.;203209.12
PE;170001618087;41;CADERNETA DE POUPANCA;14519.05
PE;170001618087;45;APLICACAO DE RENDA FIXA (CDB, RDB E OUTROS);418.83
PE;170001618087;61;DEPOSITO BANCARIO EM CONTA CORRENTE NO PAIS;27269.17
PE;170001618087;95;CONSORCIO NAO CONTEMPLADO;55138.58
PE;170001618087;99;OUTROS BENS E DIREITOS;32000.0
PE;170001618087;99;OUTROS BENS E DIREITOS;9089.81
PE;170001618087;61;DEPOSITO BANCARIO EM CONTA CORRENTE NO PAIS;703.66
PE;170001618273;12;CASA;50000.0
PE;170001618273;12;CASA;100000.0
PE;170001618273;21;VEICULO AUTOMOTOR TERRESTRE: CAMINHAO, AUTOMOVEL, MOTO, ETC.;87000.0
PE;170001618273;13;TERRENO;65000.0
PE;170001618273;21;VEICULO AUTOMOTOR TERRESTRE: CAMINHAO, AUTOMOVEL, MOTO, ETC.;25361.0
PE;170001618273;61;DEPOSITO BANCARIO EM CONTA CORRENTE NO PAIS;10000.0
RN;200001608810;12;CASA;100000.0
RN;200001608810;12;CASA;115000.0
RN;200001608810;13;TERRENO;70000.0
RN;200001608810;21;VEICULO AUTOMOTOR TERRESTRE: CAMINHAO, AUTOMOVEL, MOTO, ETC.;155000.0
RN;200001608810;41;CADERNETA DE POUPANCA;426115.68
RN;200001608810;45;APLICACAO DE RENDA FIXA (CDB, RDB E OUTROS);17771.1
RN;200001608810;72;FUNDO DE LONGO PRAZO E FUNDO DE INVESTIMENTOS EM DIREITOS CREDITORIOS (FIDC);34754.41
RN;200001608810;13;TERRENO;60000.0
DF;70001615674;11;APARTAMENTO;142689.53
DF;70001615674;11;APARTAMENTO;198002.82
DF;70001615674;61;DEPOSITO BANCARIO EM CONTA CORRENTE NO PAIS;152.83
DF;70001615674;61;DEPOSITO BANCARIO EM CONTA CORRENTE NO PAIS;4349.19
DF;70001615674;61;DEPOSITO BANCARIO EM CONTA CORRENTE NO PAIS;67.54
DF;70001615674;13;TERRENO;35900.43
DF;70001615674;21;VEICULO AUTOMOTOR TERRESTRE: CAMINHAO, AUTOMOVEL, MOTO, ETC.;90000.0
RN;200001613165;41;CADERNETA DE POUPANCA;2.27
RN;200001613165;41;CADERNETA DE POUPANCA;15.55
RN;200001613165;61;DEPOSITO BANCARIO EM CONTA CORRENTE NO PAIS;1444.66
RN;200001613165;49;OUTRAS APLICACOES E INVESTIMENTOS;200.0
RN;200001613165;45;APLICACAO DE RENDA FIXA (CDB, RDB E OUTROS);85.57
RN;200001613165;45;APLICACAO DE RENDA FIXA (CDB, RDB E OUTROS);49.74
RN;200001613178;11;APARTAMENTO;339951.0
RN;200001613178;11;APARTAMENTO;749137.62
RN;200001613178;13;TERRENO;72152.25
RN;200001613178;32;QUOTAS OU QUINHOES DE CAPITAL;8000.0
RN;200001613178;41;CADERNETA DE POUPANCA;42828.88
RN;200001613178;21;VEICULO AUTOMOTOR TERRESTRE: CAMINHAO, AUTOMOVEL, MOTO, ETC.;45000.0
DF;70001615674;12;CASA;80000.0
ES;80001649123;11;APARTAMENTO;1099485.62
ES;80001649123;99;OUTROS BENS E DIREITOS;13381.19
ES;80001649123;45;APLICACAO DE RENDA FIXA (CDB, RDB E OUTROS);34608.78
ES;80001649123;12;CASA;220714.28
ES;80001649123;11;APARTAMENTO;661730.22
ES;80001649123;32;QUOTAS OU QUINHOES DE CAPITAL;1500.0
RN;200001651786;11;APARTAMENTO;170000.0
RN;200001651786;21;VEICULO AUTOMOTOR TERRESTRE: CAMINHAO, AUTOMOVEL, MOTO, ETC.;40000.0
RN;200001668305;12;CASA;60000.0
RN;200001695666;61;DEPOSITO BANCARIO EM CONTA CORRENTE NO PAIS;0.0
RN;200001696301;41;CADERNETA DE POUPANCA;83023.7
RN;200001696301;45;APLICACAO DE RENDA FIXA (CDB, RDB E OUTROS);9006.45
RN;200001696301;45;APLICACAO DE RENDA FIXA (CDB, RDB E OUTROS);0.0
RN;200001696301;45;APLICACAO DE RENDA FIXA (CDB, RDB E OUTROS);1300.07
RN;200001696301;45;APLICACAO DE RENDA FIXA (CDB, RDB E OUTROS);5155.41
RN;200001696301;45;APLICACAO DE RENDA FIXA (CDB, RDB E OUTROS);39426.56
RN;200001696301;61;DEPOSITO BANCARIO EM CONTA CORRENTE NO PAIS;0.53
RN;200001712602;12;CASA;160000.0
ES;80001713735;21;VEICULO AUTOMOTOR TERRESTRE: CAMINHAO, AUTOMOVEL, MOTO, ETC.;150000.0
ES;80001713735;12;CASA;300000.0
ES;80001713735;12;CASA;700000.0
ES;80001713735;11;APARTAMENTO;250000.0
ES;80001713735;15;SALA OU CONJUNTO;150000.0
ES;80001713735;61;DEPOSITO BANCARIO EM CONTA CORRENTE NO PAIS;20000.0
ES;80001721262;39;OUTRAS PARTICIPACOES SOCIETARIAS;185346.06
ES;80001721262;49;OUTRAS APLICACOES E INVESTIMENTOS;8221.53
ES;80001721262;11;APARTAMENTO;250000.0
ES;80001721262;11;APARTAMENTO;2700000.0
ES;80001721262;12;CASA;50000.0
ES;80001721262;13;TERRENO;400000.0
ES;80001721262;13;TERRENO;115000.0
ES;80001721262;13;TERRENO;1500000.0
ES;80001721262;19;OUTROS BENS IMOVEIS;700000.0
ES;80001721262;13;TERRENO;220000.0
ES;80001721262;19;OUTROS BENS IMOVEIS;350000.0
ES;80001721262;18;LOJA;36738.0
ES;80001721262;15;SALA OU CONJUNTO;36738.0
ES;80001721262;21;VEICULO AUTOMOTOR TERRESTRE: CAMINHAO, AUTOMOVEL, MOTO, ETC.;2000.0
ES;80001721262;39;OUTRAS PARTICIPACOES SOCIETARIAS;1986220.0
ES;80001721262;32;QUOTAS OU QUINHOES DE CAPITAL;680000.0
ES;80001721262;45;APLICACAO DE RENDA FIXA (CDB, RDB E OUTROS);494.79
ES;80001721262;51;CREDITO DECORRENTE DE EMPRESTIMO;130000.0
ES;80001721262;51;CREDITO DECORRENTE DE EMPRESTIMO;120000.0
ES;80001721262;63;DINHEIRO EM ESPECIE - MOEDA NACIONAL;50000.0
ES;80001721262;45;APLICACAO DE RENDA FIXA (CDB, RDB E OUTROS);1520.2
ES;80001721262;99;OUTROS BENS E DIREITOS;720158.08
ES;80001721631;21;VEICULO AUTOMOTOR TERRESTRE: CAMINHAO, AUTOMOVEL, MOTO, ETC.;40000.0
ES;80001721631;24;BEM RELACIONADO COM O EXERCICIO DA ATIVIDADE AUTONOMA;8000.0
ES;80001721631;63;DINHEIRO EM ESPECIE - MOEDA NACIONAL;50000.0
RJ;190001639537;11;APARTAMENTO;140000.0
RJ;190001639537;21;VEICULO AUTOMOTOR TERRESTRE: CAMINHAO, AUTOMOVEL, MOTO, ETC.;24760.0
GO;90001674691;12;CASA;400000.0
GO;90001674691;21;VEICULO AUTOMOTOR TERRESTRE: CAMINHAO, AUTOMOVEL, MOTO, ETC.;55000.0
GO;90001674691;21;VEICULO AUTOMOTOR TERRESTRE: CAMINHAO, AUTOMOVEL, MOTO, ETC.;100000.0
GO;90001674691;45;APLICACAO DE RENDA FIXA (CDB, RDB E OUTROS);6000.0
GO;90001675056;12;CASA;140000.01
GO;90001675056;21;VEICULO AUTOMOTOR TERRESTRE: CAMINHAO, AUTOMOVEL, MOTO, ETC.;48000.0
GO;90001675056;61;DEPOSITO BANCARIO EM CONTA CORRENTE NO PAIS;8.95
GO;90001675056;59;OUTROS CREDITOS E POUPANCA VINCULADOS;8.71
GO;90001675056;61;DEPOSITO BANCARIO EM CONTA CORRENTE NO PAIS;164.13
GO;90001695572;61;DEPOSITO BANCARIO EM CONTA CORRENTE NO PAIS;21803.0
GO;90001695572;61;DEPOSITO BANCARIO EM CONTA CORRENTE NO PAIS;4492.0
GO;90001695572;63;DINHEIRO EM ESPECIE - MOEDA NACIONAL;10000.0
GO;90001712074;41;CADERNETA DE POUPANCA;22000.0
RO;220001719268;11;APARTAMENTO;200000.0
RO;220001719268;13;TERRENO;372000.0
RO;220001719268;15;SALA OU CONJUNTO;36444.23
RO;220001719268;49;OUTRAS APLICACOES E INVESTIMENTOS;95560.8
RO;220001719268;32;QUOTAS OU QUINHOES DE CAPITAL;266667.0
RO;220001719268;32;QUOTAS OU QUINHOES DE CAPITAL;64500.0
RO;220001719268;61;DEPOSITO BANCARIO EM CONTA CORRENTE NO PAIS;172000.0
RO;220001719268;49;OUTRAS APLICACOES E INVESTIMENTOS;40000.0
RO;220001719268;51;CREDITO DECORRENTE DE EMPRESTIMO;736000.0
RO;220001723308;11;APARTAMENTO;400000.0
RO;220001723308;13;TERRENO;100000.0
RO;220001723308;19;OUTROS BENS IMOVEIS;2000000.0
RO;220001723308;19;OUTROS BENS IMOVEIS;2000000.0
RO;220001723308;19;OUTROS BENS IMOVEIS;2000000.0
RO;220001723308;13;TERRENO;100000.0
MT;110001611936;12;CASA;70000.0
MT;110001611936;21;VEICULO AUTOMOTOR TERRESTRE: CAMINHAO, AUTOMOVEL, MOTO, ETC.;45000.0
RR;230001602186;45;APLICACAO DE RENDA FIXA (CDB, RDB E OUTROS);66357.81
RR;230001602186;45;APLICACAO DE RENDA FIXA (CDB, RDB E OUTROS);19935.04
RR;230001602186;45;APLICACAO DE RENDA FIXA (CDB, RDB E OUTROS);70940.12
RR;230001602186;45;APLICACAO DE RENDA FIXA (CDB, RDB E OUTROS);10000.0
RR;230001602186;45;APLICACAO DE RENDA FIXA (CDB, RDB E OUTROS);10000.0
RR;230001602186;45;APLICACAO DE RENDA FIXA (CDB, RDB E OUTROS);11000.0
RR;230001602186;45;APLICACAO DE RENDA FIXA (CDB, RDB E OUTROS);9939.01
RR;230001602186;45;APLICACAO DE RENDA FIXA (CDB, RDB E OUTROS);9996.03
RR;230001602186;45;APLICACAO DE RENDA FIXA (CDB, RDB E OUTROS);15940.12
RR;230001602186;45;APLICACAO DE RENDA FIXA (CDB, RDB E OUTROS);24000.0
RR;230001602186;45;APLICACAO DE RENDA FIXA (CDB, RDB E OUTROS);41074.68
RR;230001602186;45;APLICACAO DE RENDA FIXA (CDB, RDB E OUTROS);18704.62
RR;230001602186;45;APLICACAO DE RENDA FIXA (CDB, RDB E OUTROS);30000.0
RR;230001602186;45;APLICACAO DE RENDA FIXA (CDB, RDB E OUTROS);63642.09
RR;230001602186;62;DEPOSITO BANCARIO EM CONTA CORRENTE NO EXTERIOR;304437.03
RR;230001602186;63;DINHEIRO EM ESPECIE - MOEDA NACIONAL;20000.0
RR;230001602186;45;APLICACAO DE RENDA FIXA (CDB, RDB E OUTROS);45205.82
RR;230001602186;45;APLICACAO DE RENDA FIXA (CDB, RDB E OUTROS);20682.07
RR;230001602186;45;APLICACAO DE RENDA FIXA (CDB, RDB E OUTROS);41547.86
RR;230001602186;45;APLICACAO DE RENDA FIXA (CDB, RDB E OUTROS);26856.02
RR;230001602186;45;APLICACAO DE RENDA FIXA (CDB, RDB E OUTROS);26524.05
RR;230001602186;45;APLICACAO DE RENDA FIXA (CDB, RDB E OUTROS);35449.06
MS;120001618900;11;APARTAMENTO;173726.49
MS;120001618900;21;VEICULO AUTOMOTOR TERRESTRE: CAMINHAO, AUTOMOVEL, MOTO, ETC.;133900.0
MS;120001618900;45;APLICACAO DE RENDA FIXA (CDB, RDB E OUTROS);7688.48
MS;120001618900;45;APLICACAO DE RENDA FIXA (CDB, RDB E OUTROS);15898.44
MS;120001618900;72;FUNDO DE LONGO PRAZO E FUNDO DE INVESTIMENTOS EM DIREITOS CREDITORIOS (FIDC);122161.72
MS;120001618900;51;CREDITO DECORRENTE DE EMPRESTIMO;200000.0
MS;120001618900;61;DEPOSITO BANCARIO EM CONTA CORRENTE NO PAIS;9553.16
MS;120001618900;97;VGBL - VIDA GERADOR DE BENEFICIO LIVRE;15730.33
MS;120001618900;61;DEPOSITO BANCARIO EM CONTA CORRENTE NO PAIS;347.87
MS;120001635628;11;APARTAMENTO;95433.16
MS;120001635628;11;APARTAMENTO;1768436.18
MS;120001635628;19;OUTROS BENS IMOVEIS;37227.84
MS;120001635628;16;CONSTRUCAO;2303679.53
MS;120001635628;21;VEICULO AUTOMOTOR TERRESTRE: CAMINHAO, AUTOMOVEL, MOTO, ETC.;96000.0
MS;120001635628;21;VEICULO AUTOMOTOR TERRESTRE: CAMINHAO, AUTOMOVEL, MOTO, ETC.;325837.39
MS;120001635628;21;VEICULO AUTOMOTOR TERRESTRE: CAMINHAO, AUTOMOVEL, MOTO, ETC.;15800.0
MS;120001635628;21;VEICULO AUTOMOTOR TERRESTRE: CAMINHAO, AUTOMOVEL, MOTO, ETC.;18000.0
MS;120001635628;32;QUOTAS OU QUINHOES DE CAPITAL;3855075.0
MS;120001635628;32;QUOTAS OU QUINHOES DE CAPITAL;3500.0
MS;120001635628;32;QUOTAS OU QUINHOES DE CAPITAL;35755.04
MS;120001635628;32;QUOTAS OU QUINHOES DE CAPITAL;865920.0
MS;120001635628;41;CADERNETA DE POUPANCA;155.75
MS;120001635628;41;CADERNETA DE POUPANCA;20.62
MS;120001635628;45;APLICACAO DE RENDA FIXA (CDB, RDB E OUTROS);215439.7
MS;120001635628;49;OUTRAS APLICACOES E INVESTIMENTOS;797.73
MS;120001635628;45;APLICACAO DE RENDA FIXA (CDB, RDB E OUTROS);16735.49
MS;120001635628;97;VGBL - VIDA GERADOR DE BENEFICIO LIVRE;119398.04
MS;120001635628;97;VGBL - VIDA GERADOR DE BENEFICIO LIVRE;90245.74
MS;120001635628;99;OUTROS BENS E DIREITOS;132900.0
MS;120001635628;29;OUTROS BENS MOVEIS;10747931.21
MS;120001646278;11;APARTAMENTO;178434.24
MS;120001646278;11;APARTAMENTO;68995.38
MS;120001646278;13;TERRENO;53502.37
MS;120001646278;13;TERRENO;93683.33
MS;120001646278;13;TERRENO;53217.35
MS;120001646278;13;TERRENO;236171.46
MS;120001646278;21;VEICULO AUTOMOTOR TERRESTRE: CAMINHAO, AUTOMOVEL, MOTO, ETC.;40000.0
MS;120001646278;21;VEICULO AUTOMOTOR TERRESTRE: CAMINHAO, AUTOMOVEL, MOTO, ETC.;62000.0
MS;120001646278;21;VEICULO AUTOMOTOR TERRESTRE: CAMINHAO, AUTOMOVEL, MOTO, ETC.;25759.0
MS;120001646278;21;VEICULO AUTOMOTOR TERRESTRE: CAMINHAO, AUTOMOVEL, MOTO, ETC.;44000.0
MS;120001646278;32;QUOTAS OU QUINHOES DE CAPITAL;35274.33
MS;120001646278;45;APLICACAO DE RENDA FIXA (CDB, RDB E OUTROS);63874.52
MS;120001646278;45;APLICACAO DE RENDA FIXA (CDB, RDB E OUTROS);50132.85
MS;120001646278;61;DEPOSITO BANCARIO EM CONTA CORRENTE NO PAIS;32114.18
MS;120001646278;61;DEPOSITO BANCARIO EM CONTA CORRENTE NO PAIS;42294.7
MS;120001646278;61;DEPOSITO BANCARIO EM CONTA CORRENTE NO PAIS;648.87
MS;120001646278;99;OUTROS BENS E DIREITOS;1990961.84
MS;120001646278;97;VGBL - VIDA GERADOR DE BENEFICIO LIVRE;550000.0
MS;120001646278;97;VGBL - VIDA GERADOR DE BENEFICIO LIVRE;1200000.0
MS;120001646278;97;VGBL - VIDA GERADOR DE BENEFICIO LIVRE;2078389.9
MS;120001649554;12;CASA;440000.0
MS;120001649554;15;SALA OU CONJUNTO;222905.66
MS;120001649554;21;VEICULO AUTOMOTOR TERRESTRE: CAMINHAO, AUTOMOVEL, MOTO, ETC.;73000.0
MS;120001649554;21;VEICULO AUTOMOTOR TERRESTRE: CAMINHAO, AUTOMOVEL, MOTO, ETC.;151990.0
MS;120001649554;21;VEICULO AUTOMOTOR TERRESTRE: CAMINHAO, AUTOMOVEL, MOTO, ETC.;126000.0
MS;120001649554;21;VEICULO AUTOMOTOR TERRESTRE: CAMINHAO, AUTOMOVEL, MOTO, ETC.;291950.0
MS;120001649554;95;CONSORCIO NAO CONTEMPLADO;184092.08
MS;120001649554;97;VGBL - VIDA GERADOR DE BENEFICIO LIVRE;428686.14
MS;120001649554;97;VGBL - VIDA GERADOR DE BENEFICIO LIVRE;932612.21
RR;230001604255;12;CASA;500000.0
RR;230001604255;2;PREDIO COMERCIAL;80000.0
RR;230001604255;11;APARTAMENTO;357323.25
RR;230001604255;11;APARTAMENTO;63000.0
RR;230001604255;13;TERRENO;13500.0
RR;230001604255;12;CASA;160000.0
RR;230001604255;13;TERRENO;60000.0
RR;230001604255;13;TERRENO;4104.0
RR;230001604255;13;TERRENO;100000.0
RR;230001604255;13;TERRENO;10000.0
RR;230001604255;13;TERRENO;6000.0
RR;230001604255;13;TERRENO;20000.0
RR;230001604255;2;PREDIO COMERCIAL;10000.0
RR;230001604255;2;PREDIO COMERCIAL;20000.0
RR;230001604255;13;TERRENO;5000.0
RR;230001604255;13;TERRENO;40000.0
RR;230001604255;13;TERRENO;35000.0
RR;230001604255;13;TERRENO;23570.0
RR;230001604255;13;TERRENO;50000.0
RR;230001604255;13;TERRENO;40000.0
RR;230001604255;13;TERRENO;35000.0
RR;230001604255;13;TERRENO;45000.0
RR;230001604255;13;TERRENO;25000.0
RR;230001604255;13;TERRENO;25000.0
RR;230001604255;13;TERRENO;50000.0
RR;230001604255;13;TERRENO;80000.0
RR;230001604255;13;TERRENO;100000.0
RR;230001604255;13;TERRENO;26998.52
RR;230001604255;13;TERRENO;25620.31
RR;230001604255;13;TERRENO;34487.98
RR;230001604255;13;TERRENO;10000.0
RR;230001604255;13;TERRENO;2500.0
RR;230001604255;13;TERRENO;8000.0
RR;230001604255;99;OUTROS BENS E DIREITOS;25000.0
RR;230001604255;13;TERRENO;48000.0
RR;230001604255;13;TERRENO;2000.0
RR;230001604255;13;TERRENO;10000.0
RR;230001604255;13;TERRENO;60000.0
RR;230001604255;13;TERRENO;100000.0
RR;230001604255;13;TERRENO;37000.0
RR;230001604255;13;TERRENO;20000.0
RR;230001604255;13;TERRENO;20000.0
RR;230001604255;13;TERRENO;30000.0
RR;230001604255;2;PREDIO COMERCIAL;500000.0
RR;230001604255;13;TERRENO;25000.0
RR;230001604255;13;TERRENO;25000.0
RR;230001604255;13;TERRENO;50000.0
RR;230001604255;13;TERRENO;25000.0
RR;230001604255;13;TERRENO;15888.0
RR;230001604255;13;TERRENO;100000.0
RR;230001604255;13;TERRENO;300000.0
RR;230001604255;13;TERRENO;33000.0
RR;230001604255;13;TERRENO;351000.0
RR;230001604255;13;TERRENO;68000.0
RR;230001604255;13;TERRENO;500.0
RR;230001604255;13;TERRENO;330000.0
RR;230001604255;13;TERRENO;300000.0
RR;230001604255;13;TERRENO;228668.92
RR;230001604255;13;TERRENO;327975.0
RR;230001604255;13;TERRENO;147000.0
RR;230001604255;13;TERRENO;10000.0
RR;230001604255;13;TERRENO;67858.56
RR;230001604255;13;TERRENO;20000.0
RR;230001604255;13;TERRENO;210000.0
RR;230001604255;99;OUTROS BENS E DIREITOS;12500.0
RR;230001604255;99;OUTROS BENS E DIREITOS;20000.0
RR;230001604255;99;OUTROS BENS E DIREITOS;10000.0
RR;230001604255;99;OUTROS BENS E DIREITOS;50000.0
RR;230001604255;99;OUTROS BENS E DIREITOS;30000.0
RR;230001604255;99;OUTROS BENS E DIREITOS;1649485.0
RR;230001604255;99;OUTROS BENS E DIREITOS;100000.0
RR;230001604255;99;OUTROS BENS E DIREITOS;20000.0
RR;230001604255;99;OUTROS BENS E DIREITOS;45000.0
RR;230001604255;99;OUTROS BENS E DIREITOS;20000.0
RR;230001604255;99;OUTROS BENS E DIREITOS;20000.0
RR;230001604255;99;OUTROS BENS E DIREITOS;253000.0
RR;230001604255;99;OUTROS BENS E DIREITOS;50000.0
RR;230001604255;99;OUTROS BENS E DIREITOS;50000.0
RR;230001604255;99;OUTROS BENS E DIREITOS;98479.0
RR;230001604255;99;OUTROS BENS E DIREITOS;97786.0
RR;230001604255;99;OUTROS BENS E DIREITOS;50000.0
RR;230001604255;99;OUTROS BENS E DIREITOS;80000.0
RR;230001604255;99;OUTROS BENS E DIREITOS;90000.0
RR;230001604255;99;OUTROS BENS E DIREITOS;75000.0
RR;230001604255;13;TERRENO;618583.0
RR;230001604255;21;VEICULO AUTOMOTOR TERRESTRE: CAMINHAO, AUTOMOVEL, MOTO, ETC.;20000.0
RR;230001604255;21;VEICULO AUTOMOTOR TERRESTRE: CAMINHAO, AUTOMOVEL, MOTO, ETC.;46000.0
RR;230001604255;32;QUOTAS OU QUINHOES DE CAPITAL;190000.0
RR;230001604255;32;QUOTAS OU QUINHOES DE CAPITAL;4536250.0
RR;230001604255;31;ACOES (INCLUSIVE AS PROVENIENTES DE LINHA TELEFONICA);200000.0
RR;230001604255;61;DEPOSITO BANCARIO EM CONTA CORRENTE NO PAIS;2113.69
RR;230001604255;61;DEPOSITO BANCARIO EM CONTA CORRENTE NO PAIS;4637.37
RR;230001604255;61;DEPOSITO BANCARIO EM CONTA CORRENTE NO PAIS;3367.33
RR;230001604255;45;APLICACAO DE RENDA FIXA (CDB, RDB E OUTROS);1178461.32
RR;230001604255;45;APLICACAO DE RENDA FIXA (CDB, RDB E OUTROS);38494.55
RR;230001604255;61;DEPOSITO BANCARIO EM CONTA CORRENTE NO PAIS;2238352.09
RR;230001604255;61;DEPOSITO BANCARIO EM CONTA CORRENTE NO PAIS;173390.78
RR;230001604255;99;OUTROS BENS E DIREITOS;1259220.0
RR;230001604255;45;APLICACAO DE RENDA FIXA (CDB, RDB E OUTROS);1270.01
RR;230001604255;99;OUTROS BENS E DIREITOS;2669373.45
RR;230001610641;21;VEICULO AUTOMOTOR TERRESTRE: CAMINHAO, AUTOMOVEL, MOTO, ETC.;26000.0
RR;230001610816;12;CASA;1000000.0
RR;230001610816;99;OUTROS BENS E DIREITOS;100000.0
RR;230001610816;99;OUTROS BENS E DIREITOS;100000.0
RR;230001670967;12;CASA;1000000.0
RR;230001670967;21;VEICULO AUTOMOTOR TERRESTRE: CAMINHAO, AUTOMOVEL, MOTO, ETC.;250000.0
RR;230001670967;13;TERRENO;300000.0
RR;230001670967;11;APARTAMENTO;350000.0
RR;230001670967;12;CASA;350000.0
MG;130001621812;11;APARTAMENTO;8848.15
MG;130001621812;13;TERRENO;98023.65
MG;130001621812;19;OUTROS BENS IMOVEIS;400817.34
MG;130001621812;13;TERRENO;98023.65
MG;130001621812;19;OUTROS BENS IMOVEIS;19431.24
MG;130001621812;19;OUTROS BENS IMOVEIS;78765.91
SC;240001645017;11;APARTAMENTO;502600.0
SC;240001645017;21;VEICULO AUTOMOTOR TERRESTRE: CAMINHAO, AUTOMOVEL, MOTO, ETC.;81000.0
SC;240001645017;21;VEICULO AUTOMOTOR TERRESTRE: CAMINHAO, AUTOMOVEL, MOTO, ETC.;160000.0
SC;240001645017;32;QUOTAS OU QUINHOES DE CAPITAL;50000.0
SC;240001645017;32;QUOTAS OU QUINHOES DE CAPITAL;10.0
SC;240001645017;74;FUNDOS: ACOES, MUTUOS DE PRIVATIZACAO, INVEST. EMPRESAS EMERGENTES, INVEST.PARTICIPACAO E INVEST. INDICE MERCADO;16860.6
SC;240001645017;39;OUTRAS PARTICIPACOES SOCIETARIAS;4450000.0
SC;240001645017;61;DEPOSITO BANCARIO EM CONTA CORRENTE NO PAIS;37051.93
SC;240001645017;99;OUTROS BENS E DIREITOS;2179886.87
MG;130001621812;13;TERRENO;7633.7
MG;130001621812;19;OUTROS BENS IMOVEIS;971.56
MG;130001621812;19;OUTROS BENS IMOVEIS;1943.12
MG;130001621812;19;OUTROS BENS IMOVEIS;1943.12
MG;130001621812;19;OUTROS BENS IMOVEIS;11450.55
MG;130001621812;19;OUTROS BENS IMOVEIS;58814.19
MG;130001621812;19;OUTROS BENS IMOVEIS;15000.0
MG;130001621812;19;OUTROS BENS IMOVEIS;51159.74
MG;130001621812;19;OUTROS BENS IMOVEIS;81159.74
MG;130001621812;19;OUTROS BENS IMOVEIS;51159.74
MG;130001621812;19;OUTROS BENS IMOVEIS;51159.74
MG;130001621812;19;OUTROS BENS IMOVEIS;51159.74
MG;130001621812;19;OUTROS BENS IMOVEIS;1929.2
MG;130001621812;19;OUTROS BENS IMOVEIS;1929.2
MG;130001621812;19;OUTROS BENS IMOVEIS;1929.2
MG;130001621812;19;OUTROS BENS IMOVEIS;1929.2
MG;130001621812;19;OUTROS BENS IMOVEIS;1929.2
MG;130001621812;21;VEICULO AUTOMOTOR TERRESTRE: CAMINHAO, AUTOMOVEL, MOTO, ETC.;351996.17
MG;130001621812;21;VEICULO AUTOMOTOR TERRESTRE: CAMINHAO, AUTOMOVEL, MOTO, ETC.;53000.0
MG;130001621812;21;VEICULO AUTOMOTOR TERRESTRE: CAMINHAO, AUTOMOVEL, MOTO, ETC.;81900.0
MG;130001621812;21;VEICULO AUTOMOTOR TERRESTRE: CAMINHAO, AUTOMOVEL, MOTO, ETC.;54000.0
MG;130001621812;21;VEICULO AUTOMOTOR TERRESTRE: CAMINHAO, AUTOMOVEL, MOTO, ETC.;58700.0
MG;130001621812;21;VEICULO AUTOMOTOR TERRESTRE: CAMINHAO, AUTOMOVEL, MOTO, ETC.;40000.0
MG;130001621812;32;QUOTAS OU QUINHOES DE CAPITAL;55055.0
MG;130001621812;32;QUOTAS OU QUINHOES DE CAPITAL;296000.0
MG;130001621812;32;QUOTAS OU QUINHOES DE CAPITAL;80000.0
MG;130001621812;41;CADERNETA DE POUPANCA;67.9
MG;130001621812;45;APLICACAO DE RENDA FIXA (CDB, RDB E OUTROS);280.26
MG;130001621812;49;OUTRAS APLICACOES E INVESTIMENTOS;60000.0
MG;130001621812;49;OUTRAS APLICACOES E INVESTIMENTOS;46927.79
MG;130001621812;49;OUTRAS APLICACOES E INVESTIMENTOS;319511.39
MG;130001621812;61;DEPOSITO BANCARIO EM CONTA CORRENTE NO PAIS;10.0
MG;130001621812;62;DEPOSITO BANCARIO EM CONTA CORRENTE NO EXTERIOR;1058261.49
MG;130001633534;21;VEICULO AUTOMOTOR TERRESTRE: CAMINHAO, AUTOMOVEL, MOTO, ETC.;165000.0
MG;130001633534;45;APLICACAO DE RENDA FIXA (CDB, RDB E OUTROS);1321404.04
MG;130001644653;41;CADERNETA DE POUPANCA;60000.0
MG;130001644653;21;VEICULO AUTOMOTOR TERRESTRE: CAMINHAO, AUTOMOVEL, MOTO, ETC.;40000.0
SC;240001647445;11;APARTAMENTO;350000.0
SC;240001647445;13;TERRENO;150000.0
SC;240001647445;31;ACOES (INCLUSIVE AS PROVENIENTES DE LINHA TELEFONICA);445.0
SC;240001647445;39;OUTRAS PARTICIPACOES SOCIETARIAS;725000.0
SC;240001647445;39;OUTRAS PARTICIPACOES SOCIETARIAS;14850.0
SC;240001647445;45;APLICACAO DE RENDA FIXA (CDB, RDB E OUTROS);75185.55
SC;240001647445;52;CREDITO DECORRENTE DE ALIENACAO;175500.0
SC;240001679805;11;APARTAMENTO;280000.0
SC;240001679805;11;APARTAMENTO;384750.0
SC;240001679805;12;CASA;248376.79
SC;240001679805;12;CASA;682149.19
SC;240001679805;12;CASA;55555.56
SC;240001679805;13;TERRENO;20819.17
SC;240001679805;13;TERRENO;16655.34
SC;240001679805;15;SALA OU CONJUNTO;59987.68
SC;240001679805;21;VEICULO AUTOMOTOR TERRESTRE: CAMINHAO, AUTOMOVEL, MOTO, ETC.;1943.12
SC;240001679805;21;VEICULO AUTOMOTOR TERRESTRE: CAMINHAO, AUTOMOVEL, MOTO, ETC.;69500.0
SC;240001679805;21;VEICULO AUTOMOTOR TERRESTRE: CAMINHAO, AUTOMOVEL, MOTO, ETC.;469108.0
SC;240001679805;21;VEICULO AUTOMOTOR TERRESTRE: CAMINHAO, AUTOMOVEL, MOTO, ETC.;111000.0
SC;240001679805;25;JOIA, QUADRO, OBJETO DE ARTE, DE COLECAO, ANTIGUIDADE, ETC.;30000.0
SC;240001679805;29;OUTROS BENS MOVEIS;37412.3
SC;240001679805;31;ACOES (INCLUSIVE AS PROVENIENTES DE LINHA TELEFONICA);33.97
SC;240001679805;31;ACOES (INCLUSIVE AS PROVENIENTES DE LINHA TELEFONICA);181.36
SC;240001679805;31;ACOES (INCLUSIVE AS PROVENIENTES DE LINHA TELEFONICA);68.78
SC;240001679805;31;ACOES (INCLUSIVE AS PROVENIENTES DE LINHA TELEFONICA);613.26
SC;240001679805;31;ACOES (INCLUSIVE AS PROVENIENTES DE LINHA TELEFONICA);69.17
SC;240001679805;31;ACOES (INCLUSIVE AS PROVENIENTES DE LINHA TELEFONICA);3121.2
SC;240001679805;31;ACOES (INCLUSIVE AS PROVENIENTES DE LINHA TELEFONICA);2574.2
SC;240001679805;41;CADERNETA DE POUPANCA;9409.52
SC;240001679805;45;APLICACAO DE RENDA FIXA (CDB, RDB E OUTROS);46696.44
SC;240001679805;51;CREDITO DECORRENTE DE EMPRESTIMO;140800.0
SC;240001679805;61;DEPOSITO BANCARIO EM CONTA CORRENTE NO PAIS;2130.75
SC;240001679805;51;CREDITO DECORRENTE DE EMPRESTIMO;113200.0
SC;240001679805;32;QUOTAS OU QUINHOES DE CAPITAL;1032.85
SC;240001679805;61;DEPOSITO BANCARIO EM CONTA CORRENTE NO PAIS;1679.52
SC;240001679805;73;FUNDO DE INVESTIMENTO IMOBILIARIO;105982.58
SC;240001679858;29;OUTROS BENS MOVEIS;7000.0
SC;240001679858;29;OUTROS BENS MOVEIS;7000.0
SP;250001609938;11;APARTAMENTO;192500.0
PA;140001721579;63;DINHEIRO EM ESPECIE - MOEDA NACIONAL;5000.0
PA;140001721579;99;OUTROS BENS E DIREITOS;74109.7
PA;140001721579;99;OUTROS BENS E DIREITOS;11300.0
PA;140001721579;41;CADERNETA DE POUPANCA;3.16
PA;140001721579;49;OUTRAS APLICACOES E INVESTIMENTOS;79.28
PA;140001721579;49;OUTRAS APLICACOES E INVESTIMENTOS;128502.39
PA;140001721579;95;CONSORCIO NAO CONTEMPLADO;183731.4
PA;140001721579;19;OUTROS BENS IMOVEIS;1112259.0
PA;140001721579;19;OUTROS BENS IMOVEIS;101999.0
PA;140001721579;21;VEICULO AUTOMOTOR TERRESTRE: CAMINHAO, AUTOMOVEL, MOTO, ETC.;103438.96
PA;140001721685;11;APARTAMENTO;285459.56
PA;140001721685;11;APARTAMENTO;1200000.0
PA;140001721685;13;TERRENO;170000.0
PA;140001721685;19;OUTROS BENS IMOVEIS;32000.0
PA;140001721685;19;OUTROS BENS IMOVEIS;150000.0
PA;140001721685;21;VEICULO AUTOMOTOR TERRESTRE: CAMINHAO, AUTOMOVEL, MOTO, ETC.;218783.51
PA;140001721685;21;VEICULO AUTOMOTOR TERRESTRE: CAMINHAO, AUTOMOVEL, MOTO, ETC.;136278.12
PA;140001721685;39;OUTRAS PARTICIPACOES SOCIETARIAS;45000.0
PA;140001721685;39;OUTRAS PARTICIPACOES SOCIETARIAS;10000.0
PA;140001721685;39;OUTRAS PARTICIPACOES SOCIETARIAS;10000.0
PA;140001721685;39;OUTRAS PARTICIPACOES SOCIETARIAS;60000.0
PA;140001721685;61;DEPOSITO BANCARIO EM CONTA CORRENTE NO PAIS;197.56
PA;140001721685;79;OUTROS FUNDOS;62230.11
PA;140001721685;79;OUTROS FUNDOS;55270.27
PA;140001721685;79;OUTROS FUNDOS;1.0
PA;140001721685;79;OUTROS FUNDOS;200000.0
PA;140001721685;79;OUTROS FUNDOS;46303.64
PA;140001721685;79;OUTROS FUNDOS;89767.95
PA;140001723385;11;APARTAMENTO;286690.46
PB;150001613757;11;APARTAMENTO;850000.0
PB;150001613757;12;CASA;60531.66
PB;150001613757;41;CADERNETA DE POUPANCA;91.19
PB;150001613757;13;TERRENO;1500.0
PB;150001613757;11;APARTAMENTO;300000.0
PB;150001613757;11;APARTAMENTO;180000.0
PB;150001613757;61;DEPOSITO BANCARIO EM CONTA CORRENTE NO PAIS;39423.0
SE;260001600202;11;APARTAMENTO;900000.0
SE;260001612779;11;APARTAMENTO;426162.81
SE;260001612779;11;APARTAMENTO;519456.69
SE;260001612779;19;OUTROS BENS IMOVEIS;25284.78
SE;260001612779;19;OUTROS BENS IMOVEIS;25284.78
SE;260001612779;21;VEICULO AUTOMOTOR TERRESTRE: CAMINHAO, AUTOMOVEL, MOTO, ETC.;70071.77
SE;260001612779;32;QUOTAS OU QUINHOES DE CAPITAL;49400.0
SE;260001612779;32;QUOTAS OU QUINHOES DE CAPITAL;721.7
SE;260001612779;79;OUTROS FUNDOS;22453.28
SE;260001612779;95;CONSORCIO NAO CONTEMPLADO;51519.01
SE;260001612779;97;VGBL - VIDA GERADOR DE BENEFICIO LIVRE;58221.05
SE;260001617899;61;DEPOSITO BANCARIO EM CONTA CORRENTE NO PAIS;60.67
SE;260001617899;11;APARTAMENTO;361891.81
SE;260001617899;11;APARTAMENTO;145000.0
SE;260001617899;21;VEICULO AUTOMOTOR TERRESTRE: CAMINHAO, AUTOMOVEL, MOTO, ETC.;169000.0
SE;260001617899;99;OUTROS BENS E DIREITOS;3449.26
SE;260001617899;61;DEPOSITO BANCARIO EM CONTA CORRENTE NO PAIS;26.14
SE;260001617899;61;DEPOSITO BANCARIO EM CONTA CORRENTE NO PAIS;0.33
SE;260001634213;12;CASA;390000.0
SE;260001634213;21;VEICULO AUTOMOTOR TERRESTRE: CAMINHAO, AUTOMOVEL, MOTO, ETC.;69000.0
SE;260001634213;21;VEICULO AUTOMOTOR TERRESTRE: CAMINHAO, AUTOMOVEL, MOTO, ETC.;50000.0
SE;260001635961;11;APARTAMENTO;230000.0
SE;260001666399;12;CASA;450000.0
SE;260001666399;21;VEICULO AUTOMOTOR TERRESTRE: CAMINHAO, AUTOMOVEL, MOTO, ETC.;35000.0
PR;160001621842;32;QUOTAS OU QUINHOES DE CAPITAL;88000.0
PR;160001621842;41;CADERNETA DE POUPANCA;366.27
PR;160001621842;59;OUTROS CREDITOS E POUPANCA VINCULADOS;10.0
PR;160001621857;12;CASA;321857.29
PR;160001621857;32;QUOTAS OU QUINHOES DE CAPITAL;95000.0
AP;30001619676;21;VEICULO AUTOMOTOR TERRESTRE: CAMINHAO, AUTOMOVEL, MOTO, ETC.;88520.23
AP;30001639521;21;VEICULO AUTOMOTOR TERRESTRE: CAMINHAO, AUTOMOVEL, MOTO, ETC.;30000.0
AP;30001639521;99;OUTROS BENS E DIREITOS;130000.0
AP;30001643108;39;OUTRAS PARTICIPACOES SOCIETARIAS;25083504.0
AP;30001643108;12;CASA;156758.26
AP;30001643108;21;VEICULO AUTOMOTOR TERRESTRE: CAMINHAO, AUTOMOVEL, MOTO, ETC.;192000.0
AP;30001643108;31;ACOES (INCLUSIVE AS PROVENIENTES DE LINHA TELEFONICA);6463.2
AP;30001643108;49;OUTRAS APLICACOES E INVESTIMENTOS;4035569.46
AP;30001643108;51;CREDITO DECORRENTE DE EMPRESTIMO;6300000.0
PR;160001717338;21;VEICULO AUTOMOTOR TERRESTRE: CAMINHAO, AUTOMOVEL, MOTO, ETC.;82000.0
AM;40001610345;11;APARTAMENTO;338554.69
AM;40001610345;12;CASA;55925.58
AM;40001610345;12;CASA;963603.76
AM;40001610345;13;TERRENO;6909.42
AM;40001610345;13;TERRENO;10000.0
AM;40001610345;13;TERRENO;100000.0
AM;40001610345;13;TERRENO;30000.0
AM;40001610345;13;TERRENO;400000.0
AM;40001610345;15;SALA OU CONJUNTO;105518.34
AM;40001610345;15;SALA OU CONJUNTO;105518.34
AM;40001610345;15;SALA OU CONJUNTO;105518.34
AM;40001610345;15;SALA OU CONJUNTO;105518.34
AM;40001610345;15;SALA OU CONJUNTO;105518.34
AM;40001610345;21;VEICULO AUTOMOTOR TERRESTRE: CAMINHAO, AUTOMOVEL, MOTO, ETC.;295000.0
AM;40001610345;21;VEICULO AUTOMOTOR TERRESTRE: CAMINHAO, AUTOMOVEL, MOTO, ETC.;59872.44
AM;40001610345;21;VEICULO AUTOMOTOR TERRESTRE: CAMINHAO, AUTOMOVEL, MOTO, ETC.;589950.0
AM;40001610345;23;EMBARCACAO;200000.0
AM;40001610345;23;EMBARCACAO;40000.0
AM;40001610345;25;JOIA, QUADRO, OBJETO DE ARTE, DE COLECAO, ANTIGUIDADE, ETC.;45000.0
AM;40001610345;31;ACOES (INCLUSIVE AS PROVENIENTES DE LINHA TELEFONICA);776681.82
AM;40001610345;31;ACOES (INCLUSIVE AS PROVENIENTES DE LINHA TELEFONICA);954785.85
AM;40001610345;31;ACOES (INCLUSIVE AS PROVENIENTES DE LINHA TELEFONICA);246976.0
AM;40001610345;31;ACOES (INCLUSIVE AS PROVENIENTES DE LINHA TELEFONICA);492783.0
AM;40001610345;31;ACOES (INCLUSIVE AS PROVENIENTES DE LINHA TELEFONICA);149367.0
AM;40001610345;31;ACOES (INCLUSIVE AS PROVENIENTES DE LINHA TELEFONICA);250110.2
AM;40001610345;31;ACOES (INCLUSIVE AS PROVENIENTES DE LINHA TELEFONICA);193698.47
AM;40001610345;31;ACOES (INCLUSIVE AS PROVENIENTES DE LINHA TELEFONICA);322605.0
AM;40001610345;31;ACOES (INCLUSIVE AS PROVENIENTES DE LINHA TELEFONICA);197454.0
AM;40001610345;31;ACOES (INCLUSIVE AS PROVENIENTES DE LINHA TELEFONICA);161512.0
AM;40001610345;31;ACOES (INCLUSIVE AS PROVENIENTES DE LINHA TELEFONICA);179882.26
AM;40001610345;31;ACOES (INCLUSIVE AS PROVENIENTES DE LINHA TELEFONICA);117750.56
AM;40001610345;31;ACOES (INCLUSIVE AS PROVENIENTES DE LINHA TELEFONICA);98982.0
AM;40001610345;31;ACOES (INCLUSIVE AS PROVENIENTES DE LINHA TELEFONICA);95059.06
AM;40001610345;31;ACOES (INCLUSIVE AS PROVENIENTES DE LINHA TELEFONICA);422636.0
AM;40001610345;31;ACOES (INCLUSIVE AS PROVENIENTES DE LINHA TELEFONICA);496457.0
AM;40001610345;31;ACOES (INCLUSIVE AS PROVENIENTES DE LINHA TELEFONICA);98892.0
AM;40001610345;31;ACOES (INCLUSIVE AS PROVENIENTES DE LINHA TELEFONICA);98826.0
AM;40001610345;31;ACOES (INCLUSIVE AS PROVENIENTES DE LINHA TELEFONICA);129808.0
AM;40001610345;31;ACOES (INCLUSIVE AS PROVENIENTES DE LINHA TELEFONICA);33700.53
AM;40001610345;32;QUOTAS OU QUINHOES DE CAPITAL;810000.0
AM;40001610345;41;CADERNETA DE POUPANCA;242.06
AM;40001610345;41;CADERNETA DE POUPANCA;839.71
AM;40001610345;45;APLICACAO DE RENDA FIXA (CDB, RDB E OUTROS);247054.88
AM;40001610345;45;APLICACAO DE RENDA FIXA (CDB, RDB E OUTROS);990055.91
AM;40001610345;45;APLICACAO DE RENDA FIXA (CDB, RDB E OUTROS);906109.72
AM;40001610345;45;APLICACAO DE RENDA FIXA (CDB, RDB E OUTROS);811968.26
AM;40001610345;45;APLICACAO DE RENDA FIXA (CDB, RDB E OUTROS);1579225.18
AM;40001610345;45;APLICACAO DE RENDA FIXA (CDB, RDB E OUTROS);104000.0
AM;40001610345;45;APLICACAO DE RENDA FIXA (CDB, RDB E OUTROS);800000.0
AM;40001610345;45;APLICACAO DE RENDA FIXA (CDB, RDB E OUTROS);750000.0
AM;40001610345;45;APLICACAO DE RENDA FIXA (CDB, RDB E OUTROS);131006.2
AM;40001610345;51;CREDITO DECORRENTE DE EMPRESTIMO;1873470.0
AM;40001610345;61;DEPOSITO BANCARIO EM CONTA CORRENTE NO PAIS;247926.89
AM;40001610345;61;DEPOSITO BANCARIO EM CONTA CORRENTE NO PAIS;2541.03
AM;40001610345;61;DEPOSITO BANCARIO EM CONTA CORRENTE NO PAIS;2577.65
AM;40001610345;63;DINHEIRO EM ESPECIE - MOEDA NACIONAL;240000.0
AM;40001610345;64;DINHEIRO EM ESPECIE - MOEDA ESTRANGEIRA;62780.36
AM;40001610345;61;DEPOSITO BANCARIO EM CONTA CORRENTE NO PAIS;2126.79
AM;40001610345;72;FUNDO DE LONGO PRAZO E FUNDO DE INVESTIMENTOS EM DIREITOS CREDITORIOS (FIDC);180276.38
AM;40001610345;72;FUNDO DE LONGO PRAZO E FUNDO DE INVESTIMENTOS EM DIREITOS CREDITORIOS (FIDC);234972.04
AM;40001610345;72;FUNDO DE LONGO PRAZO E FUNDO DE INVESTIMENTOS EM DIREITOS CREDITORIOS (FIDC);407129.4
AM;40001610345;72;FUNDO DE LONGO PRAZO E FUNDO DE INVESTIMENTOS EM DIREITOS CREDITORIOS (FIDC);1940719.04
AM;40001610345;72;FUNDO DE LONGO PRAZO E FUNDO DE INVESTIMENTOS EM DIREITOS CREDITORIOS (FIDC);2177748.48
AM;40001610345;72;FUNDO DE LONGO PRAZO E FUNDO DE INVESTIMENTOS EM DIREITOS CREDITORIOS (FIDC);736080.27
AM;40001610345;72;FUNDO DE LONGO PRAZO E FUNDO DE INVESTIMENTOS EM DIREITOS CREDITORIOS (FIDC);212616.31
AM;40001610345;72;FUNDO DE LONGO PRAZO E FUNDO DE INVESTIMENTOS EM DIREITOS CREDITORIOS (FIDC);250558.46
AM;40001610345;72;FUNDO DE LONGO PRAZO E FUNDO DE INVESTIMENTOS EM DIREITOS CREDITORIOS (FIDC);445524.72
SP;250001639534;12;CASA;550000.0
SP;250001639534;19;OUTROS BENS IMOVEIS;793932.0
SP;250001639534;19;OUTROS BENS IMOVEIS;40000.0
SP;250001639534;32;QUOTAS OU QUINHOES DE CAPITAL;104500.0
SP;250001639534;32;QUOTAS OU QUINHOES DE CAPITAL;350000.0
SP;250001639534;21;VEICULO AUTOMOTOR TERRESTRE: CAMINHAO, AUTOMOVEL, MOTO, ETC.;200000.0
SP;250001639534;61;DEPOSITO BANCARIO EM CONTA CORRENTE NO PAIS;23147.58
SP;250001639534;63;DINHEIRO EM ESPECIE - MOEDA NACIONAL;120000.0
AM;40001610345;72;FUNDO DE LONGO PRAZO E FUNDO DE INVESTIMENTOS EM DIREITOS CREDITORIOS (FIDC);444272.09
AM;40001610345;72;FUNDO DE LONGO PRAZO E FUNDO DE INVESTIMENTOS EM DIREITOS CREDITORIOS (FIDC);302950.38
AM;40001610345;72;FUNDO DE LONGO PRAZO E FUNDO DE INVESTIMENTOS EM DIREITOS CREDITORIOS (FIDC);407952.78
AM;40001610345;73;FUNDO DE INVESTIMENTO IMOBILIARIO;276539.27
AM;40001610345;73;FUNDO DE INVESTIMENTO IMOBILIARIO;179400.0
AM;40001610345;73;FUNDO DE INVESTIMENTO IMOBILIARIO;49625.0
AM;40001610345;74;FUNDOS: ACOES, MUTUOS DE PRIVATIZACAO, INVEST. EMPRESAS EMERGENTES, INVEST.PARTICIPACAO E INVEST. INDICE MERCADO;545379.17
AM;40001610345;72;FUNDO DE LONGO PRAZO E FUNDO DE INVESTIMENTOS EM DIREITOS CREDITORIOS (FIDC);197411.08
AM;40001610345;72;FUNDO DE LONGO PRAZO E FUNDO DE INVESTIMENTOS EM DIREITOS CREDITORIOS (FIDC);135083.97
AM;40001610345;72;FUNDO DE LONGO PRAZO E FUNDO DE INVESTIMENTOS EM DIREITOS CREDITORIOS (FIDC);105083.95
AM;40001610345;72;FUNDO DE LONGO PRAZO E FUNDO DE INVESTIMENTOS EM DIREITOS CREDITORIOS (FIDC);173933.4
AM;40001610345;72;FUNDO DE LONGO PRAZO E FUNDO DE INVESTIMENTOS EM DIREITOS CREDITORIOS (FIDC);170391.33
AM;40001610345;74;FUNDOS: ACOES, MUTUOS DE PRIVATIZACAO, INVEST. EMPRESAS EMERGENTES, INVEST.PARTICIPACAO E INVEST. INDICE MERCADO;170000.0
AM;40001610345;72;FUNDO DE LONGO PRAZO E FUNDO DE INVESTIMENTOS EM DIREITOS CREDITORIOS (FIDC);192447.1
AM;40001610345;72;FUNDO DE LONGO PRAZO E FUNDO DE INVESTIMENTOS EM DIREITOS CREDITORIOS (FIDC);2293.65
AM;40001610345;72;FUNDO DE LONGO PRAZO E FUNDO DE INVESTIMENTOS EM DIREITOS CREDITORIOS (FIDC);48091.79
AM;40001610345;97;VGBL - VIDA GERADOR DE BENEFICIO LIVRE;7061106.75
AM;40001618329;45;APLICACAO DE RENDA FIXA (CDB, RDB E OUTROS);54008.24
AM;40001618329;11;APARTAMENTO;380000.0
AM;40001618329;21;VEICULO AUTOMOTOR TERRESTRE: CAMINHAO, AUTOMOVEL, MOTO, ETC.;104640.0
AM;40001618329;41;CADERNETA DE POUPANCA;11123.03
AM;40001618329;61;DEPOSITO BANCARIO EM CONTA CORRENTE NO PAIS;91015.08
PI;180001604027;49;OUTRAS APLICACOES E INVESTIMENTOS;79200.0
PI;180001604027;19;OUTROS BENS IMOVEIS;950000.0
PI;180001604027;21;VEICULO AUTOMOTOR TERRESTRE: CAMINHAO, AUTOMOVEL, MOTO, ETC.;270000.0
PI;180001604027;21;VEICULO AUTOMOTOR TERRESTRE: CAMINHAO, AUTOMOVEL, MOTO, ETC.;290000.0
PI;180001604027;63;DINHEIRO EM ESPECIE - MOEDA NACIONAL;60000.0
SE;260001690862;21;VEICULO AUTOMOTOR TERRESTRE: CAMINHAO, AUTOMOVEL, MOTO, ETC.;19000.0
PI;180001613545;12;CASA;150000.0
PI;180001613545;21;VEICULO AUTOMOTOR TERRESTRE: CAMINHAO, AUTOMOVEL, MOTO, ETC.;50590.0
PI;180001645030;12;CASA;250000.0
PI;180001645030;11;APARTAMENTO;70000.0
PI;180001645030;21;VEICULO AUTOMOTOR TERRESTRE: CAMINHAO, AUTOMOVEL, MOTO, ETC.;200000.0
PI;180001713460;19;OUTROS BENS IMOVEIS;100000.0
PI;180001713732;11;APARTAMENTO;60000.0
PI;180001713732;11;APARTAMENTO;30000.0
PI;180001718004;41;CADERNETA DE POUPANCA;881.24
PI;180001718004;61;DEPOSITO BANCARIO EM CONTA CORRENTE NO PAIS;30355.25
PI;180001718004;18;LOJA;3000.0
PI;180001718004;12;CASA;250000.0
CE;60001634109;11;APARTAMENTO;155000.0
CE;60001634109;97;VGBL - VIDA GERADOR DE BENEFICIO LIVRE;12649.4
CE;60001634109;31;ACOES (INCLUSIVE AS PROVENIENTES DE LINHA TELEFONICA);10266.1
TO;270001621506;21;VEICULO AUTOMOTOR TERRESTRE: CAMINHAO, AUTOMOVEL, MOTO, ETC.;10000.0
TO;270001621506;21;VEICULO AUTOMOTOR TERRESTRE: CAMINHAO, AUTOMOVEL, MOTO, ETC.;56000.0
RJ;190001614665;11;APARTAMENTO;800000.0
RJ;190001614665;12;CASA;73800.0
RJ;190001615753;11;APARTAMENTO;174921.6
RJ;190001615753;32;QUOTAS OU QUINHOES DE CAPITAL;500.0
RJ;190001615753;32;QUOTAS OU QUINHOES DE CAPITAL;1000.0
RJ;190001615753;45;APLICACAO DE RENDA FIXA (CDB, RDB E OUTROS);8197.75
RJ;190001615753;45;APLICACAO DE RENDA FIXA (CDB, RDB E OUTROS);4066.83
RJ;190001615753;61;DEPOSITO BANCARIO EM CONTA CORRENTE NO PAIS;5099.87
RJ;190001615753;61;DEPOSITO BANCARIO EM CONTA CORRENTE NO PAIS;221.68
RJ;190001615753;61;DEPOSITO BANCARIO EM CONTA CORRENTE NO PAIS;10.0
CE;60001692640;12;CASA;90000.0
ES;80001606304;32;QUOTAS OU QUINHOES DE CAPITAL;700300.0
ES;80001606304;31;ACOES (INCLUSIVE AS PROVENIENTES DE LINHA TELEFONICA);26195000.0
ES;80001606304;32;QUOTAS OU QUINHOES DE CAPITAL;50000.0
ES;80001606304;32;QUOTAS OU QUINHOES DE CAPITAL;60000.0
ES;80001606304;45;APLICACAO DE RENDA FIXA (CDB, RDB E OUTROS);835158.43
ES;80001606304;11;APARTAMENTO;1766075.0
ES;80001606304;11;APARTAMENTO;210500.0
GO;90001648642;11;APARTAMENTO;500000.0
GO;90001648642;11;APARTAMENTO;215000.0
GO;90001648642;12;CASA;120000.0
GO;90001648642;45;APLICACAO DE RENDA FIXA (CDB, RDB E OUTROS);256000.0
RS;210001615206;11;APARTAMENTO;351148.32
RS;210001615206;11;APARTAMENTO;50000.0
RS;210001615206;21;VEICULO AUTOMOTOR TERRESTRE: CAMINHAO, AUTOMOVEL, MOTO, ETC.;98448.85
RS;210001615206;61;DEPOSITO BANCARIO EM CONTA CORRENTE NO PAIS;1762.81
RS;210001615206;45;APLICACAO DE RENDA FIXA (CDB, RDB E OUTROS);322101.24
RS;210001615206;62;DEPOSITO BANCARIO EM CONTA CORRENTE NO EXTERIOR;44798.83
RS;210001615206;64;DINHEIRO EM ESPECIE - MOEDA ESTRANGEIRA;37870.0
RS;210001615206;61;DEPOSITO BANCARIO EM CONTA CORRENTE NO PAIS;90.71
RS;210001615206;21;VEICULO AUTOMOTOR TERRESTRE: CAMINHAO, AUTOMOVEL, MOTO, ETC.;185940.0
RS;210001619618;14;TERRA NUA;2680.0
RS;210001619618;14;TERRA NUA;94000.0
RS;210001619618;14;TERRA NUA;800800.0
RS;210001619618;21;VEICULO AUTOMOTOR TERRESTRE: CAMINHAO, AUTOMOVEL, MOTO, ETC.;96500.0
RS;210001619618;32;QUOTAS OU QUINHOES DE CAPITAL;30000.0
RS;210001619618;32;QUOTAS OU QUINHOES DE CAPITAL;3003.8
RS;210001619618;49;OUTRAS APLICACOES E INVESTIMENTOS;33537.24
RS;210001619618;49;OUTRAS APLICACOES E INVESTIMENTOS;27981.7
RS;210001619618;41;CADERNETA DE POUPANCA;11.22
RS;210001619618;41;CADERNETA DE POUPANCA;0.01
RS;210001619618;45;APLICACAO DE RENDA FIXA (CDB, RDB E OUTROS);680.9
RS;210001619618;99;OUTROS BENS E DIREITOS;100000.0
RS;210001619618;61;DEPOSITO BANCARIO EM CONTA CORRENTE NO PAIS;10.47
RS;210001619618;61;DEPOSITO BANCARIO EM CONTA CORRENTE NO PAIS;48.26
RS;210001619618;12;CASA;200000.0
RS;210001619618;12;CASA;600000.0
RS;210001619618;11;APARTAMENTO;200000.0
RS;210001619618;12;CASA;380000.0
RS;210001619618;13;TERRENO;30000.0
RS;210001619618;13;TERRENO;30000.0
RS;210001619618;14;TERRA NUA;552000.0
RS;210001619618;14;TERRA NUA;232000.0
RS;210001619618;14;TERRA NUA;160000.0
RS;210001619618;14;TERRA NUA;648000.0
RS;210001619618;14;TERRA NUA;16000.0
RS;210001619618;14;TERRA NUA;124000.0
RS;210001619618;14;TERRA NUA;700000.0
RS;210001619618;14;TERRA NUA;404000.0
RS;210001619618;14;TERRA NUA;700000.0
RS;210001619618;14;TERRA NUA;588000.0
RS;210001619618;14;TERRA NUA;440000.0
RS;210001619618;14;TERRA NUA;80000.0
RS;210001619618;14;TERRA NUA;240000.0
RS;210001619618;14;TERRA NUA;248000.0
RS;210001619618;14;TERRA NUA;60000.0
RS;210001619618;14;TERRA NUA;40000.0
RS;210001619618;14;TERRA NUA;120000.0
RS;210001619618;14;TERRA NUA;46000.0
RS;210001619618;14;TERRA NUA;36000.0
RS;210001619618;14;TERRA NUA;80000.0
RS;210001619618;14;TERRA NUA;116160.0
GO;90001651833;13;TERRENO;53503.99
GO;90001651833;11;APARTAMENTO;14136.27
GO;90001651833;13;TERRENO;13297.5
GO;90001651833;13;TERRENO;13297.5
GO;90001651833;13;TERRENO;14000.0
GO;90001651833;12;CASA;1230550.97
GO;90001651833;21;VEICULO AUTOMOTOR TERRESTRE: CAMINHAO, AUTOMOVEL, MOTO, ETC.;13000.0
GO;90001651833;21;VEICULO AUTOMOTOR TERRESTRE: CAMINHAO, AUTOMOVEL, MOTO, ETC.;65169.63
GO;90001651833;41;CADERNETA DE POUPANCA;10.06
GO;90001651833;41;CADERNETA DE POUPANCA;4.48
GO;90001651833;41;CADERNETA DE POUPANCA;6.12
GO;90001651833;61;DEPOSITO BANCARIO EM CONTA CORRENTE NO PAIS;36.32
GO;90001651833;61;DEPOSITO BANCARIO EM CONTA CORRENTE NO PAIS;401.02
GO;90001651833;61;DEPOSITO BANCARIO EM CONTA CORRENTE NO PAIS;22253.01
GO;90001651833;61;DEPOSITO BANCARIO EM CONTA CORRENTE NO PAIS;18806.59
GO;90001651833;45;APLICACAO DE RENDA FIXA (CDB, RDB E OUTROS);490.35
GO;90001651833;45;APLICACAO DE RENDA FIXA (CDB, RDB E OUTROS);248.85
GO;90001651833;69;OUTROS DEPOSITOS A VISTA E NUMERARIO;21.61
GO;90001651833;69;OUTROS DEPOSITOS A VISTA E NUMERARIO;7.83
GO;90001651833;71;FUNDO DE CURTO PRAZO;70.03
GO;90001651833;97;VGBL - VIDA GERADOR DE BENEFICIO LIVRE;30802.86
MA;100001615758;12;CASA;450000.0
MA;100001615758;19;OUTROS BENS IMOVEIS;750000.0
RO;220001635569;99;OUTROS BENS E DIREITOS;120000.0
MA;100001667487;45;APLICACAO DE RENDA FIXA (CDB, RDB E OUTROS);144625.42
MA;100001667487;13;TERRENO;150000.0
MA;100001667487;32;QUOTAS OU QUINHOES DE CAPITAL;180000.0
MA;100001667487;41;CADERNETA DE POUPANCA;188.97
MA;100001667487;61;DEPOSITO BANCARIO EM CONTA CORRENTE NO PAIS;3712.61
MA;100001667487;61;DEPOSITO BANCARIO EM CONTA CORRENTE NO PAIS;72.17
MA;100001667487;64;DINHEIRO EM ESPECIE - MOEDA ESTRANGEIRA;126.77
MA;100001713289;12;CASA;50000.0
MA;100001713289;21;VEICULO AUTOMOTOR TERRESTRE: CAMINHAO, AUTOMOVEL, MOTO, ETC.;12000.0
MA;100001713289;39;OUTRAS PARTICIPACOES SOCIETARIAS;2000.0
RO;220001647595;11;APARTAMENTO;580000.0
RO;220001647595;13;TERRENO;1400000.0
RO;220001647595;21;VEICULO AUTOMOTOR TERRESTRE: CAMINHAO, AUTOMOVEL, MOTO, ETC.;185000.0
RO;220001647595;45;APLICACAO DE RENDA FIXA (CDB, RDB E OUTROS);162000.0
SC;240001611148;49;OUTRAS APLICACOES E INVESTIMENTOS;59000.0
SC;240001611148;12;CASA;650000.0
SC;240001611148;13;TERRENO;1000000.0
SC;240001611148;21;VEICULO AUTOMOTOR TERRESTRE: CAMINHAO, AUTOMOVEL, MOTO, ETC.;59000.0
SP;250001615967;41;CADERNETA DE POUPANCA;3097.12
SP;250001615967;45;APLICACAO DE RENDA FIXA (CDB, RDB E OUTROS);388.84
SP;250001615967;11;APARTAMENTO;2137160.0
SP;250001615967;21;VEICULO AUTOMOTOR TERRESTRE: CAMINHAO, AUTOMOVEL, MOTO, ETC.;78000.0
SP;250001615967;21;VEICULO AUTOMOTOR TERRESTRE: CAMINHAO, AUTOMOVEL, MOTO, ETC.;119000.0
SP;250001615967;41;CADERNETA DE POUPANCA;4515.81
SP;250001652196;29;OUTROS BENS MOVEIS;14000.0
SC;240001611127;11;APARTAMENTO;380000.0
SC;240001611127;13;TERRENO;828.68
SC;240001611127;32;QUOTAS OU QUINHOES DE CAPITAL;1688000.0
SC;240001611127;99;OUTROS BENS E DIREITOS;152959.58
SC;240001611127;49;OUTRAS APLICACOES E INVESTIMENTOS;29290.73
SC;240001611127;49;OUTRAS APLICACOES E INVESTIMENTOS;74506.24
SC;240001611127;61;DEPOSITO BANCARIO EM CONTA CORRENTE NO PAIS;4444.19
SC;240001611127;99;OUTROS BENS E DIREITOS;100.0
SC;240001611127;21;VEICULO AUTOMOTOR TERRESTRE: CAMINHAO, AUTOMOVEL, MOTO, ETC.;84130.99
SC;240001611133;11;APARTAMENTO;299970.0
SC;240001611133;12;CASA;2612000.0
SC;240001611133;13;TERRENO;70000.0
SC;240001611133;21;VEICULO AUTOMOTOR TERRESTRE: CAMINHAO, AUTOMOVEL, MOTO, ETC.;170000.0
SC;240001611133;21;VEICULO AUTOMOTOR TERRESTRE: CAMINHAO, AUTOMOVEL, MOTO, ETC.;66123.0
PA;140001650094;11;APARTAMENTO;200000.0
PA;140001650094;13;TERRENO;200000.0
PA;140001650094;21;VEICULO AUTOMOTOR TERRESTRE: CAMINHAO, AUTOMOVEL, MOTO, ETC.;91000.0
PA;140001650519;29;OUTROS BENS MOVEIS;40000.0
SP;250001693024;12;CASA;250000.0
SP;250001693024;21;VEICULO AUTOMOTOR TERRESTRE: CAMINHAO, AUTOMOVEL, MOTO, ETC.;100000.0
PA;140001651993;32;QUOTAS OU QUINHOES DE CAPITAL;75000.0
PA;140001651993;32;QUOTAS OU QUINHOES DE CAPITAL;6000.0
PA;140001651993;32;QUOTAS OU QUINHOES DE CAPITAL;7500.0
PA;140001651993;32;QUOTAS OU QUINHOES DE CAPITAL;375000.0
PA;140001651993;32;QUOTAS OU QUINHOES DE CAPITAL;148500.0
PA;140001651993;32;QUOTAS OU QUINHOES DE CAPITAL;112200.0
PA;140001651993;32;QUOTAS OU QUINHOES DE CAPITAL;240000.0
PA;140001651993;31;ACOES (INCLUSIVE AS PROVENIENTES DE LINHA TELEFONICA);33618.0
PA;140001651993;21;VEICULO AUTOMOTOR TERRESTRE: CAMINHAO, AUTOMOVEL, MOTO, ETC.;260000.0
PA;140001651993;12;CASA;1540598.2
PA;140001651993;32;QUOTAS OU QUINHOES DE CAPITAL;1854000.0
PA;140001651993;32;QUOTAS OU QUINHOES DE CAPITAL;300000.0
PA;140001651993;32;QUOTAS OU QUINHOES DE CAPITAL;12500.0
PA;140001651993;99;OUTROS BENS E DIREITOS;12350000.0
PA;140001651993;61;DEPOSITO BANCARIO EM CONTA CORRENTE NO PAIS;1436353.13
PR;160001614467;12;CASA;117366.93
PR;160001614467;29;OUTROS BENS MOVEIS;114510.0
PR;160001614467;11;APARTAMENTO;121161.24
PR;160001614467;12;CASA;1400256.05
PR;160001614467;61;DEPOSITO BANCARIO EM CONTA CORRENTE NO PAIS;5830.16
PR;160001614467;79;OUTROS FUNDOS;7519.16
PR;160001614467;95;CONSORCIO NAO CONTEMPLADO;27980.23
PR;160001614467;32;QUOTAS OU QUINHOES DE CAPITAL;5623467.0
PR;160001614467;45;APLICACAO DE RENDA FIXA (CDB, RDB E OUTROS);7.36
PR;160001614467;61;DEPOSITO BANCARIO EM CONTA CORRENTE NO PAIS;33741.04
PR;160001614467;41;CADERNETA DE POUPANCA;45298.75
PR;160001614467;11;APARTAMENTO;1172505.27
PR;160001614467;32;QUOTAS OU QUINHOES DE CAPITAL;29698.0
PR;160001614467;21;VEICULO AUTOMOTOR TERRESTRE: CAMINHAO, AUTOMOVEL, MOTO, ETC.;137800.0
PR;160001614467;21;VEICULO AUTOMOTOR TERRESTRE: CAMINHAO, AUTOMOVEL, MOTO, ETC.;3000.0
PR;160001654909;21;VEICULO AUTOMOTOR TERRESTRE: CAMINHAO, AUTOMOVEL, MOTO, ETC.;32178.0
PR;160001654981;11;APARTAMENTO;450000.0
PR;160001654981;21;VEICULO AUTOMOTOR TERRESTRE: CAMINHAO, AUTOMOVEL, MOTO, ETC.;150000.0
PR;160001654981;99;OUTROS BENS E DIREITOS;20000.0
